00;1;num
050;1;num
088;1;num
105;1;num
109;1;num
110;1;num
1105;1;num
116;1;num
117;1;num
11h;1;nr
123;1;num
127;1;num
128;1;num
12h30;1;nr
132;1;num
13h;1;nr
141;1;num
142;1;num
144;1;num
1500;1;num
152;1;num
161;1;num
163;1;num
170;1;num
1707;1;num
1791;1;num
1814;1;num
1861;1;num
1883_1945;1;nr
1890;1;num
1902;1;num
1906;1;num
1914_1918;1;nr
1918;1;num
1929;1;num
1932;1;num
1937_1945;1;nr
1949;1;num
1957;1;num
1958;1;num
1964_1985;1;nr
1965;1;num
1969;1;num
1981;1;num
1986;1;num
1990_1992;1;nr
1991;1;num
1993;1;num
1993_2001;1;nr
1994;1;num
1995;1;num
1998;1;num
2000;1;num
2002;1;num
2003;1;num
2016_2019;1;nr
2019_2020;1;nr
2020_;1;nr
2021_2030;1;nr
2026;1;num
209;1;num
2106;1;num
212;1;num
221;1;num
231;1;num
236;1;num
250;1;num
253;1;num
255;1;num
257;1;num
274;1;num
315;1;num
3723;1;num
39;1;num
42;1;num
43;1;num
450;1;num
460;1;num
509;1;num
513;1;num
52;1;num
54;1;num
57;1;num
580;1;num
5h;1;nr
611;1;num
62;1;num
630;1;num
6438;1;num
65;1;num
654;1;num
676;1;num
69;1;num
6_laranja;1;nr
6h30;1;nr
700;1;num
77;1;num
7770;1;num
78;1;num
79;1;num
800;1;num
82;1;num
84;1;num
850;1;num
880;1;num
900;1;num
933;1;num
94;1;num
_de;1;nr
_prestes;1;nr
aa;1;nr
abafado;1;adj
abalar;1;ver
abarcar;1;ver
abastecedor;1;adj
abbey;1;nr
abc;1;nom
abdalhadi;1;nr
abdel;1;nr
abdouni;1;nr
abdução;1;nom
abidine;1;nr
abiertas;1;nr
abin;1;nr
abinader;1;nr
abiquifi;1;nr
abissal;1;adj
abjeto;1;adj
abolicionista;1;adj
abominar;1;ver
abraham;1;nom
abranger;1;ver
abrasivo;1;adj
abrupto;1;adj
absolutista;1;adj
abster;1;ver
abstrato;1;adj
abusar;1;ver
acachapante;1;adj
acanhado;1;adj
acarretar;1;ver
acautelar;1;ver
acelerado;1;adj
acelular;1;adj
acendido;1;adj
acentuadamente;1;adv
acepção;1;nom
acervo;1;nom
aceso;1;adj
acessados;1;nr
achatar;1;ver
acirramento;1;nom
acirrar;1;ver
acm;1;nr
acolher;1;ver
acolhido;1;nom
acomodar;1;ver
acomodatício;1;nr
acompanhamento;1;nom
aconselhar;1;ver
acordado;1;adj
acordar;1;ver
acostumado;1;adj
acrescer;1;ver
acréscimo;1;nom
acusador;1;nom
acúmulo;1;nom
adamar;1;ver
adaptação;1;nom
ademais;1;adv
adequadamente;1;adv
adequar;1;ver
adequem;1;nr
aderência;1;nom
adesivo;1;adj
adiar;1;ver
adib;1;nom
adicionalmente;1;adv
adicionar;1;ver
adjetivo;1;nom
adjetivou;1;nr
adjunto;1;adj
administraçao;1;nr
admirado;1;adj
admirador;1;nom
adorar;1;ver
adorno;1;nom
adpf;1;nr
adulação;1;nom
advir;1;ver
advisers;1;nr
afamado;1;adj
afastamento;1;nom
afazer;1;ver
afeminado;1;adj
aferição;1;nom
aficionado;1;nom
afinado;1;adj
afirmar_se;1;nr
afirmação;1;nom
afligir;1;ver
afogadilho;1;nom
afogamento;1;nom
afortunado;1;adj
afroixaram;1;nr
after;1;nr
afã;1;nom
age_friendly;1;nr
aglomerar;1;ver
aglomeração;1;nom
aglutinar;1;ver
aglutinação;1;nom
agradar;1;ver
agradecimento;1;nom
agravante;1;nom
agremiação;1;nom
agressivamente;1;adv
agro;1;adj
agroindústria;1;nom
agronegócio;1;nr
agrupamento;1;nom
agrário;1;adj
aguado;1;nom
aguerrido;1;adj
aguinaldos;1;nr
aguçar;1;ver
ajph;1;nr
ajustar;1;ver
alargamento;1;nom
alarmante;1;adj
alarmar;1;ver
alarme;1;nom
alarmismo;1;nom
alarmista;1;adj
alavanca;1;nom
alckmin;1;nom
alegre;1;adj
alegria;1;nom
alemão_americano;1;nr
alex;1;nom
alexei;1;nom
alfaguara;1;nr
algoz;1;nom
alheio;1;adj
alienado;1;nom
alijla;1;nr
allan;1;nom
allegro;1;nr
allen;1;nom
almoço;1;nom
alocação;1;nom
alterado;1;adj
alternar;1;ver
altitude;1;nom
altivez;1;nom
alucinado;1;adj
alusão;1;nom
alvarado;1;nr
alvejar;1;ver
alvorada;1;nom
alzheimer;1;nom
alçar;1;ver
am;1;nr
amador;1;adj
amadurecer;1;ver
amaldiçoar;1;ver
amalgamar;1;ver
amanhecer;1;ver
amarrar;1;ver
amazon;1;nr
amazonense;1;adj
ambientalmente;1;adv
ameaçador;1;adj
ameno;1;adj
americanizado;1;adj
americans;1;nr
amesquinhar;1;ver
amicusprudência;1;nr
amigável;1;adj
amintore;1;nr
amistoso;1;adj
amnésia;1;nom
amontoado;1;nom
amortecer;1;ver
amostra;1;nom
amplitude;1;nom
amálgama;1;nom
analisado;1;adj
anant;1;nr
anarquia;1;nom
anatomia;1;nom
ancestral;1;adj
anderson;1;nom
andrade;1;nom
andrzej;1;nr
andróide;1;nom
anedota;1;nom
anestesia;1;nom
angelo;1;nr
anglo_saxãs;1;nr
angola;1;nom
animador;1;nom
aniversário;1;nom
anne;1;nom
ansiar;1;ver
antagonizar;1;nr
antecipação;1;nom
anteparo;1;nom
anti_economia;1;nr
anti_elitistas;1;nr
anti_governamentais;1;nr
anti_putin;1;nr
anti_republicana;1;nr
anti_semitas;1;nr
antibolsonarista;1;nr
anticientífica;1;nr
anticiência;1;nr
anticomunista;1;adj
antiestatizante;1;nr
antipluralismo;1;nr
antipolíticas;1;nr
antipresidente;1;nr
antirracista;1;nr
antirracistas;1;nr
antissemitas;1;nr
antivacina;1;nr
antivacinas;1;nr
antivaxxers;1;nr
antoine;1;nom
antonio;1;nom
antídoto;1;nom
antónio;1;nom
antônio;1;nom
anulado;1;adj
anunciante;1;nom
anuário;1;nom
anônimo;1;adj
aonde;1;pro_ind
apalaches;1;nr
apanhar;1;ver
aparado;1;adj
aparato;1;nom
aparelhagem;1;nom
aparentar;1;ver
aparentemente;1;adv
apartheid;1;nom
apartidária;1;nr
apartidário;1;nr
aparência;1;nom
apavorar;1;ver
apaziguar;1;ver
apegar;1;ver
apelativo;1;adj
apelidar;1;ver
apertado;1;adj
aperto;1;nom
apetite;1;nom
aplaudir;1;ver
aplauso;1;nom
aplicado;1;adj
apodrecer;1;ver
apoioosagricultores;1;nr
aportar;1;ver
aposentadoria;1;nom
apostólico;1;adj
applebaum;1;nr
apreciação;1;nom
apressado;1;adj
apressar;1;ver
apreço;1;nom
aprimorado;1;adj
aprofundador;1;nr
aprofundamento;1;nom
apropriação;1;nom
aprovado;1;adj
aproveitamento;1;nom
aproximadamente;1;adv
aptar;1;ver
aptidão;1;nom
apto;1;adj
apurado;1;adj
apuro;1;nom
apóstolo;1;nom
arab;1;nr
aracaju;1;nom
arauz;1;nr
arbitragem;1;nom
arbitral;1;adj
arbitrariedade;1;nom
arbítrio;1;nom
arbítrios;1;nr
arcar;1;ver
arce;1;nr
arco;1;nom
areia;1;nom
arendt;1;nr
arengas;1;nr
argentinização;1;nr
argumentação;1;nom
argélia;1;nom
aristóteles;1;nom
arlinton;1;nr
armin;1;nr
armário;1;nom
aroeira;1;nom
arquiteto;1;nom
arquitetura;1;nom
arquivamento;1;nom
arrancar;1;ver
arranhar;1;ver
arranjar;1;ver
arranjo;1;nom
arrasado;1;adj
arrastar;1;ver
arrebatar;1;ver
arrependido;1;adj
arrogância;1;nom
articulado;1;adj
artificialismo;1;nom
artificialmente;1;adv
artur;1;nom
artéria;1;nom
artífice;1;nom
artístico;1;adj
asfalto;1;nom
asfixia;1;nom
asir;1;ver
aspa;1;nom
aspiração;1;nom
assalariado;1;nom
assassinado;1;nom
assediador;1;nr
assediadores;1;nr
assemelhar;1;ver
assentada;1;nom
assentar;1;ver
assertiva;1;nom
assessor;1;nom
assistência;1;nom
associado;1;nom
assombroso;1;adj
assustadoramente;1;adv
assédio;1;nom
astete;1;nr
astrazenica;1;nr
astro;1;nom
astrologia;1;nom
atacante;1;nom
atado;1;adj
atalho;1;nom
atar;1;ver
atendimento;1;nom
aterro;1;nom
aterrorizante;1;adj
aterrorizar;1;ver
atestar;1;ver
ativar;1;ver
atlantic;1;nr
atlas;1;nom
atmosfera;1;nom
atormentado;1;adj
atratividade;1;nom
atravessado;1;adj
atravessar;1;ver
atração;1;nom
atrelar;1;ver
atropelar;1;ver
atroz;1;adj
attuch;1;nr
atualização;1;nom
atávico;1;adj
atômico;1;adj
aurora;1;nom
aurélio;1;nom
austrália;1;nom
autarquia;1;nom
auto_censurar;1;nr
autoajuda;1;nom
autocompreensão;1;nr
autoempoderar;1;nr
autoengano;1;nr
automaticamente;1;adv
automotivo;1;adj
autoria;1;nom
autossuficientes;1;nr
autópsia;1;nom
avante;1;adv
avança_se;1;nr
avatar;1;nom
ave;1;nom
avenida;1;nom
aventar;1;ver
averiguação;1;nom
avessar;1;ver
aviador;1;nom
avulso;1;adj
azedava;1;nr
azeglio;1;nr
azeitou;1;nr
aécio;1;nom
aéreo;1;adj
b3;1;nr
bagagem;1;nom
bagunça;1;nom
bagunçado;1;adj
bagunçar;1;ver
baile;1;nom
baixo_contínuo;1;nr
bajulação;1;nom
bakhtin;1;nom
bala;1;nom
balançar;1;ver
balé;1;nom
banalizar;1;ver
banana;1;nom
banca;1;nom
bancar;1;ver
bancarrota;1;nom
bancário;1;adj
banditismo;1;nom
bangladesh;1;nom
banho;1;nom
banimento;1;nom
bank;1;nr
banqueiro;1;nom
barba;1;nom
barbeiro;1;nom
barco;1;nom
barometer;1;nr
barranco;1;nom
barreto;1;nom
barrow;1;nr
bastião;1;nom
batalha;1;nom
batizar;1;ver
batom;1;nom
bbb;1;nr
bce;1;nr
bcg;1;nr
beatles;1;nr
bebida;1;nom
behind;1;nr
bei;1;nr
beira;1;nom
beirute;1;nom
believe;1;nr
beligerante;1;adj
bem_documentada;1;nr
bem_estar;1;nr
bem_sucedidas;1;nr
bem_sucedido;1;nr
bem_vindos;1;nr
benevolente;1;adj
benfazejo;1;adj
benigno;1;adj
benito;1;nom
benjamim;1;nom
bernardes;1;nom
berço;1;nom
bia;1;nr
bianca;1;nom
bibliografia;1;nom
biblioteca;1;nom
bic;1;nr
billionaires;1;nr
bimestre;1;nom
birch;1;nr
birmanês;1;adj
birra;1;nom
bittar;1;nr
bivares;1;nr
bjp;1;nr
blair;1;nr
blindar;1;ver
blindasse;1;nr
bloomberg;1;nr
bobagem;1;nom
bobo;1;adj
boemia;1;nom
boicote;1;nom
bojikian;1;nr
bola;1;nom
bolchevique;1;adj
bolsonariano;1;nr
bolsonaro_pt;1;nr
bolívar;1;nom
bomba;1;nom
bombeiro;1;nom
bonapartismo;1;nr
bondade;1;nom
boneco;1;nom
booker;1;nr
borges;1;nom
botar;1;ver
bote;1;nom
botânico;1;nom
braga;1;nom
brant;1;nom
brasil_petrobras;1;nr
brasiliense;1;nom
bravo;1;adj
brian;1;nr
brinquedo;1;nom
bronco;1;nom
brothers;1;nr
bruce;1;nr
brum;1;nr
brumado;1;adj
brunei;1;nr
brusco;1;adj
buarque;1;nom
bukele;1;nr
bully;1;nr
bunker;1;nr
burburinho;1;nom
bushs;1;nr
bálcãs;1;nom
báltico;1;adj
bélico;1;adj
bússola;1;nom
búzio;1;nom
c;1;nom_sup
cabotagem;1;nom
cacique;1;nom
caco;1;nom
cade;1;nr
cadeira;1;nom
caderno;1;nom
cafona;1;adj
caiar;1;ver
caipira;1;nom
caitlin;1;nr
caixa_branca;1;nr
calculado;1;adj
calcular;1;ver
caldeirão;1;nom
calendário;1;nom
calmo;1;adj
caloroso;1;adj
calúnia;1;nom
cama;1;nom
camargo;1;nom
camarón;1;nr
cameral;1;nr
camiseta;1;nom
campbell;1;nom
campesino;1;adj
campeão;1;nom
cana;1;nom
canadense;1;adj
canadá;1;nom
cancelamento;1;nom
candente;1;adj
canetada;1;nr
canibal;1;adj
canino;1;nom
canonização;1;nom
cansado;1;adj
cansaço;1;nom
cantilena;1;nom
canônico;1;adj
capa;1;nom
capacitar;1;ver
capitular;1;adj
capotar;1;ver
caput;1;nom
caracterização;1;nom
carbono;1;nom
carcaça;1;nom
carecer;1;ver
caricato;1;adj
carismático;1;adj
carlo;1;nom
carne;1;nom
carpete;1;nom
carregado;1;adj
carruagem;1;nom
cartaz;1;nom
carter;1;nom
cartilha;1;nom
carville;1;nr
casado;1;adj
casal;1;nom
casamento;1;nom
casar;1;ver
cascar;1;ver
cascata;1;nom
caserna;1;nom
cassado;1;adj
cassar;1;ver
cassação;1;nom
castelo;1;nom
castração;1;nom
castro;1;nom
casual;1;adj
casuísmo;1;nom
casuístico;1;adj
cataclísmico;1;adj
catalisar;1;ver
catastrófico;1;adj
catedrático;1;adj
categoricamente;1;adv
catho;1;nr
cativar;1;ver
caudilho;1;nom
causador;1;adj
cautela;1;nom
cautelar;1;adj
cauteloso;1;adj
cavalo;1;nom
caxemira;1;nr
cayetano;1;nr
caçar;1;ver
ccj;1;nr
ceagesp;1;nr
cebri;1;nr
cecil;1;nr
cegamente;1;adv
cego;1;adj
ceifar;1;ver
celebração;1;nom
celebridade;1;nom
celso;1;nom
celular;1;adj
cemitério;1;nom
censitário;1;adj
centavo;1;nom
cento;1;adj_num
centralidade;1;nom
centralizado;1;adj
centralizar;1;ver
centralmente;1;adv
centrismo;1;nr
centrista;1;adj
ceos;1;nr
cercania;1;nom
cerceador;1;nr
cercear;1;ver
cerebral;1;adj
cereja;1;nom
certificado;1;nom
cerveró;1;nr
cesar;1;nr
cessante;1;adj
chacina;1;nom
chaleira;1;nom
chama;1;nom
chan_ocha;1;nr
chapada;1;nom
chaplin;1;nr
charge;1;nom
chargista;1;nom
charme;1;nom
chateado;1;adj
chauvinista;1;adj
chavista;1;nr
chavão;1;nom
chef;1;nr
chefia;1;nom
cheia;1;adj
cheney;1;nr
chico;1;nom
chikungunya;1;nr
chilling;1;nr
china_eua;1;nr
chiste;1;nom
chocante;1;adj
chorar;1;ver
christine;1;nom
chumbo;1;nom
chupadores;1;nr
churrascaria;1;nom
chuva;1;nom
ciampi;1;nr
ciar;1;ver
cicatrizar;1;ver
cidadania_go;1;nr
cidadã;1;nom
cientificamente;1;adv
cigano;1;adj
cilada;1;nom
cindir;1;ver
cinza;1;adj
circunscrever;1;ver
cismar;1;ver
cisão;1;nom
civicamente;1;adv
civilidade;1;nom
civilista;1;adj
civilizado;1;adj
civilizador;1;adj
civilizatório;1;nr
civilização;1;nom
clareza;1;nom
classicista;1;adj
classificação;1;nom
claudicava;1;nr
cleptusprudência;1;nr
clicadas;1;nr
climate;1;nr
climatologista;1;nom
clonagem;1;nom
cloroquínicos;1;nr
clube;1;nom
clínica;1;nom
cnn;1;nr
co_autoria;1;nr
co_responsáveis;1;nr
coagir;1;ver
coatar;1;ver
coautora;1;nr
cobra;1;nom
cobrança;1;nom
cobre;1;nom
coelho;1;nom
coerentemente;1;adv
cogitar;1;ver
coincidentemente;1;adv
colaboracionista;1;adj
colaboração;1;nom
colateral;1;adj
colegiado;1;adj
coleridge;1;nr
coleta;1;nom
coletado;1;adj
coleção;1;nom
colhido;1;adj
colo;1;nom
colombiano;1;adj
colonização;1;nom
colorado;1;nom
comandante_chefe;1;nr
comandantes_gerais;1;nr
comemoração;1;nom
comensal;1;nom
comentarista;1;nom
cometa;1;nom
cometido;1;adj
comida;1;nom
comissário;1;nom
commission;1;nr
companheiro;1;nom
comparecer;1;ver
comparável;1;adj
compasso;1;nom
compatibilidade;1;nom
compatível;1;adj
compensatório;1;adj
compensação;1;nom
competidor;1;nom
competividade;1;nr
complemento;1;nom
complicação;1;nom
complô;1;nom
componente;1;nom
composto;1;nom
comprovadamente;1;adv
comprovar;1;ver
comuna;1;nom
comédia;1;nom
conceitual;1;adj
conceição;1;nom
concessionário;1;nom
conciliação;1;nom
conclamar;1;ver
conclusivamente;1;adv
concorrente;1;nom
concretamente;1;adv
concretizar;1;ver
condecorar;1;ver
condecorasse;1;nr
condenável;1;adj
condicional;1;adj
condicionante;1;nom
confessar;1;ver
confiante;1;adj
confirmação;1;nom
confiável;1;adj
conflagrar;1;ver
conflitar;1;ver
conformar;1;ver
confortavelmente;1;adv
confraria;1;nom
confuso;1;adj
congelante;1;nr
conivência;1;nom
conjurar;1;ver
connection;1;nr
conotação;1;nom
conquista;1;nom
consagrado;1;adj
conscientemente;1;adv
consciência;1;nom
consed;1;nr
consentino;1;nr
conserto;1;nom
consistência;1;nom
consolação;1;nom
consolidação;1;nom
conspiracionismo;1;nr
constitucionalista;1;adj
constituinte;1;nom
constrangido;1;adj
construtivo;1;adj
constância;1;nom
contabilidade;1;nom
contabilizar;1;ver
contagiar;1;ver
contaminado;1;adj
contentar;1;ver
conterrâneo;1;nom
contestação;1;nom
contingenciamento;1;nom
contista;1;nom
contorno;1;nom
contra_maioritárias;1;nr
contra_majoritárias;1;nr
contraditoriamente;1;adv
contraditório;1;adj
contrafactual;1;nr
contrair;1;ver
contrapeso;1;nom
contrariamente;1;adv
contrastar;1;ver
contratação;1;nom
convalidadas;1;nr
conveniente;1;adj
convenção;1;nom
convicto;1;adj
convir;1;ver
coordenada;1;nom
cop;1;nr
copa;1;nom
copacabana;1;nom
copiar;1;ver
coquetel;1;nom
corajoso;1;adj
corda;1;nom
cordial;1;adj
corporal;1;adj
corpus;1;nom
correa;1;nom
corredor;1;nom
correio;1;nom
correlato;1;adj
correlação;1;nom
correligionário;1;nom
correspondente;1;adj
correspondência;1;nom
corretamente;1;adv
corretor;1;nom
corrida;1;nom
corriqueiro;1;adj
corroborar;1;ver
corroer;1;ver
corromper;1;ver
corruptela;1;nom
corruptor;1;adj
corruptoras;1;nr
cortejar;1;ver
cortina;1;nom
cortizo;1;nr
cortês;1;adj
cosmo;1;nom
cosmopolitismo;1;nom
cosmético;1;nom
costado;1;nom
cotidianamente;1;adv
couro;1;nom
cova;1;nom
covardemente;1;adv
covax;1;nr
covid_;1;nr
cpac;1;nr
creche;1;nom
credencial;1;nom
credor;1;nom
crepúsculo;1;nom
cretinice;1;nom
cria;1;nom
criminalização;1;nom
crocodilo;1;nom
cronicamente;1;adv
crow;1;nr
cruzar;1;ver
crédulo;1;adj
cueca;1;nom
cuidadoso;1;adj
culminação;1;nom
culpado;1;adj
cult;1;nr
cultivado;1;adj
cultivar;1;ver
cumulativo;1;adj
cunho;1;nom
cura;1;nom
curador;1;nom
curar;1;ver
curricular;1;adj
currículo;1;nom
curto_prazo;1;nr
cuspir;1;ver
custo_benefício;1;nr
custo_brasil;1;nr
custoso;1;adj
cutler;1;nr
cárcere;1;nom
cânone;1;nom
célere;1;adj
cílio;1;nom
cínico;1;adj
cívico;1;adj
daniele;1;nom
danoso;1;adj
dark;1;nr
datar;1;ver
dawinsson;1;nr
debacle;1;nr
debaixo;1;adv
debatessem;1;nr
debilitador;1;nr
debilitar;1;ver
deboche;1;nom
decadente;1;adj
decapitação;1;nom
decepção;1;nom
decerto;1;adv
decisório;1;adj
declaracões;1;nr
declinar;1;ver
decompor;1;ver
decorar;1;ver
decoro;1;nom
decorrer;1;ver
decretem;1;nr
decência;1;nom
deficiente;1;adj
definhar;1;ver
definido;1;adj
definitivamente;1;adv
definitivo;1;adj
deflation;1;nr
deflação;1;nom
deformar;1;ver
defrontar;1;ver
degenerativo;1;adj
degradar;1;ver
degrau;1;nom
degringolar;1;ver
deitado;1;adj
deitar;1;ver
delegaçao;1;nr
delegação;1;nom
delfim;1;nom
deliberar;1;ver
delicadeza;1;nom
delirante;1;adj
delirar;1;ver
delícia;1;nom
demagogia;1;nom
demagogias;1;nr
demandar;1;ver
demarcar;1;ver
demarcação;1;nom
demasiadamente;1;adv
demo;1;nom
democratas_caviar;1;nr
democraticamente;1;adv
democratizar;1;ver
demofóbica;1;nr
demográfico;1;adj
demonizado;1;nr
demonizados;1;nr
demonizar;1;nr
demorado;1;adj
dengue;1;nom
deodoro;1;nom
depauperante;1;nr
depauperação;1;nom
deplorável;1;adj
depoimento;1;nom
deportiva;1;nr
depositante;1;nom
deposição;1;nom
depredar;1;ver
depressa;1;adv
derramamento;1;nom
derramar;1;ver
derrapagem;1;nom
derrapar;1;ver
derreter;1;ver
desabafo;1;nom
desabonador;1;adj
desacerto;1;nom
desacordo;1;nom
desafeição;1;nom
desafeto;1;adj
desafiador;1;adj
desajuizada;1;nr
desalento;1;nom
desamparo;1;nom
desancoragem;1;nr
desaparecido;1;adj
desarranjo;1;nom
desarticular;1;ver
desassistir;1;ver
desatender;1;ver
desburocratizar;1;ver
desburocratização;1;nom
descalibrado;1;nr
descambar;1;ver
descansar;1;ver
descapitalizar;1;nr
descarte;1;nom
descartável;1;adj
descentralização;1;nom
descoberta;1;nom
descolar;1;ver
descompromissado;1;adj
desconexo;1;adj
desconhecer;1;ver
desconhecido;1;adj
desconhecimento;1;nom
desconstruir;1;ver
descontente;1;adj
descontrolado;1;adj
descontrolo;1;nom
descoordenação;1;nom
descrente;1;nom
descrição;1;nom
descuidar;1;ver
desdenhoso;1;adj
desdobramento;1;nom
desejado;1;adj
desejar;1;ver
desembarcar;1;ver
desembarque;1;nom
desembolsar;1;ver
desempate;1;nom
desencontro;1;nom
desenfreado;1;adj
desenhar;1;ver
desentendimento;1;nom
desenvolvimentista;1;adj
desesperadamente;1;adv
desesperado;1;adj
desestatizando;1;nr
desestatizações;1;nr
desestruturar;1;nr
desestímulo;1;nom
desfazer;1;ver
desfigurado;1;adj
desforra;1;nom
desgaste;1;nom
desgostar;1;ver
desguarnece;1;nr
desidratar;1;ver
desidratou;1;nr
designadamente;1;adv
designar;1;ver
designação;1;nom
desindexações;1;nr
desindustrialização;1;nr
desinstitucionalização;1;nr
desinvestimento;1;nom
deslanchar;1;ver
deslealdade;1;nom
deslegitimar;1;ver
deslocar;1;ver
desmascarar;1;ver
desmedido;1;adj
desmentir;1;ver
desmilitarização;1;nom
desmonte;1;nom
desmoralizado;1;adj
desmoralizar;1;ver
desnaturalizar;1;ver
desobediência;1;nom
desobrigar;1;ver
desonrar;1;ver
desordenar;1;ver
desorganizador;1;adj
despachar;1;ver
despedida;1;nom
despeito;1;nom
despejar;1;ver
despoluição;1;nom
despotismo;1;nom
despreparo;1;nom
desprezível;1;adj
desproporcionalmente;1;adv
despudorado;1;adj
desqualificado;1;adj
desqualificação;1;nom
desregulado;1;nr
desregularização;1;nr
desregulação;1;nr
destituir;1;ver
destratar;1;ver
destroço;1;nom
destruidor;1;nom
destrutivo;1;adj
desvairado;1;adj
desventura;1;nom
desvinculações;1;nr
desvirtuar;1;ver
desânimo;1;nom
detalhar;1;ver
detecção;1;nom
detenção;1;nom
deteriorariam;1;nr
determinação;1;nom
detestar;1;ver
detido;1;adj
devagar;1;adv
devaneio;1;nom
devasso;1;nom
devastação;1;nom
devedor;1;nom
devolução;1;nom
devoção;1;nom
diabo;1;nom
dialogar;1;ver
diamant;1;nr
diamantino;1;adj
dick;1;nr
dicotomia;1;nom
didático;1;adj
dieese;1;nr
dieta;1;nom
difamação;1;nom
diferencial;1;adj
diferir;1;ver
difteria;1;nom
difuso;1;adj
difusor;1;nom
digitalmente;1;adv
dignidade;1;nom
diligente;1;adj
dilma_temer;1;nr
diminuído;1;adj
dinamarca;1;nom
dinastia;1;nom
dini;1;nr
dinâmico;1;adj
diplomar;1;ver
diplomático;1;adj
direcionar;1;adj
diretora_geral;1;nr
diretoria;1;nom
diretório;1;adj
discernir;1;ver
discorrer;1;ver
discrepar;1;ver
discreto;1;adj
discricionário;1;adj
discriminatório;1;adj
discrição;1;nom
discípulo;1;nom
disfarçado;1;adj
disparatado;1;adj
disparidade;1;nom
dispersivo;1;adj
dispersão;1;nom
disponibilizar;1;ver
disruptivas;1;nr
disseminador;1;adj
dissentir;1;ver
dissidência;1;nom
dissipar;1;ver
dissolução;1;nom
dissolvido;1;adj
distanciei;1;nr
distopia;1;nr
distrair;1;ver
distraído;1;adj
distrito;1;nom
distópico;1;nr
distúrbio;1;nom
ditado;1;nom
ditar;1;ver
divergente;1;adj
divergir;1;ver
divindade;1;nom
divisivos;1;nr
divorciado;1;adj
dixit;1;nr
dmitri;1;nr
dobra;1;nom
docemente;1;adv
documental;1;adj
documentar;1;ver
doer;1;ver
doido;1;adj
doloroso;1;adj
domar;1;ver
domicílio;1;nom
dominical;1;adj
dominicano;1;adj
dominique;1;nom
donde;1;adv
dormente;1;adj
dostoiévski;1;nr
doumet;1;nr
doutrinação;1;nom
doxing;1;nr
doze;1;adj_num
dr;1;nr
drasticamente;1;adv
driblar;1;ver
driver;1;nr
drummond;1;nom
duce;1;nr
ducha;1;nom
duchamp;1;nr
duda;1;nom
duelo;1;nom
duende;1;nom
duque;1;nom
duradouro;1;adj
duramente;1;adv
déli;1;nom
e_books;1;nr
e_mail;1;nr
ec;1;nr
eclesiastes;1;nom
eclipsar;1;ver
ecologia;1;nom
economics;1;nr
economist;1;nr
ect;1;nr
ecômica;1;nr
edgar;1;nom
edicionar;1;ver
edificação;1;nom
edir;1;nom
editora;1;nom
editors;1;nr
educado;1;adj
educativo;1;adj
edwards;1;nr
efetivar;1;ver
efetuar;1;ver
effect;1;nr
egito;1;nom
egocentrismo;1;nom
egoísta;1;adj
ei;1;ono
eizenstat;1;nr
elaborar;1;ver
elaboração;1;nom
elegia;1;nom
elencar;1;nr
elitismo;1;nom
elitocracia;1;nr
elizabeth;1;nom
eloy;1;nom
email;1;nr
emanar;1;ver
embaixada;1;nom
embalo;1;nom
embaraçado;1;adj
embebido;1;adj
emblemático;1;adj
emerging;1;nr
emerson;1;nom
emilio;1;nom
emirado;1;nom
emissor;1;nom
emocionalmente;1;adv
emocionante;1;adj
emocionassem;1;nr
emotividade;1;nom
empate;1;nom
empatia;1;nom
empedernir;1;ver
empenhador;1;nr
empenhar;1;ver
empenho;1;nom
empobrecer;1;ver
empobrecido;1;adj
empoderado;1;nr
empoderamento;1;nr
empreendimento;1;nom
empregabilidade;1;nom
empregado;1;nom
empregar;1;ver
empreiteiro;1;nom
empréstimo;1;nom
empunhar;1;ver
empurrar;1;ver
emília;1;nom
emílio;1;nom
encabeçar;1;ver
encampar;1;ver
encantadoramente;1;adv
encarar;1;ver
encarceramento;1;nom
encarecimento;1;nom
encarnação;1;nom
encastelar;1;ver
encenar;1;ver
encher;1;ver
encolhimento;1;nom
encomenda;1;nom
encorajador;1;adj
encostar;1;ver
encrenca;1;nom
endereço;1;nom
endossar;1;ver
endosso;1;nom
endêmico;1;adj
eneva;1;nr
enfermeiro;1;nom
enfiado;1;nom
enfiar;1;ver
enfocar;1;ver
enfoque;1;nom
enfraquecido;1;adj
enfurecido;1;adj
enfático;1;adj
enganado;1;adj
enganar;1;ver
enganação;1;nom
engano;1;nom
enganoso;1;adj
engavetamento;1;nom
engavetar;1;ver
engenhosidade;1;nom
engessamento;1;nom
england;1;nr
engolir;1;ver
engordar;1;ver
engrenagem;1;nom
enraizar;1;ver
enredar;1;ver
enredo;1;nom
enricar;1;ver
ensaísta;1;nom
ente;1;nom
entendedor;1;nom
entranha;1;nom
entrante;1;adj
entravar;1;ver
entrave;1;nom
entrega;1;nom
entrelinha;1;nom
entrever;1;ver
entristecer;1;ver
entusiasmante;1;adj
entusiasta;1;nom
enunciar;1;ver
envasar;1;ver
envergonhado;1;adj
enviesar;1;ver
envolvente;1;adj
enxotar;1;ver
enxugamento;1;nom
enxurrada;1;nom
enérgico;1;adj
enésima;1;adj_num
epa;1;nr
epicentro;1;nom
epistemológico;1;adj
epistêmico;1;nr
epstein;1;nr
epítome;1;nom
equacionar;1;ver
equacionasse;1;nr
equação;1;nom
equidistância;1;nr
equilibrar;1;ver
equipamento;1;nom
equiparar;1;ver
equivocadamente;1;adv
erdogan;1;nr
erguido;1;adj
erigir;1;ver
erradicar;1;ver
erradicação;1;nom
errático;1;adj
errôneo;1;adj
erudito;1;adj
erundina;1;nom
esboçar;1;ver
esboço;1;nom
escada;1;nom
escalar;1;ver
escandaloso;1;adj
escandinavo;1;adj
escassez;1;nom
escasso;1;adj
escatológico;1;adj
esclarecer;1;ver
esclarecimento;1;nom
escolar;1;adj
escolhido;1;adj
escorregar;1;ver
escova;1;nom
escravo;1;nom
escusar;1;ver
escuso;1;adj
esfacelar;1;ver
esforçar;1;ver
esg;1;nr
esgarçado;1;nr
esgotamento;1;nom
esgoto;1;nom
esmagar;1;ver
esoterismo;1;nom
esotérico;1;adj
espacial;1;adj
espalhafatoso;1;adj
espalhamento;1;nom
espantoso;1;adj
espartilho;1;nom
espaço_tempo;1;nr
especializar;1;ver
especialização;1;nom
especificidade;1;nom
espectador;1;nom
espelhar;1;ver
esperançosamente;1;adv
esperançoso;1;adj
espiritismo;1;nom
espiritualista;1;adj
espião;1;nom
espontâneo;1;adj
esportivo;1;adj
esquadrão;1;nom
esquecido;1;adj
esquentar;1;ver
esquerdista;1;adj
esquina;1;nom
esquizofrenia;1;nom
essência;1;nom
estadunidense;1;adj
estagnado;1;adj
estante;1;nom
estapafúrdio;1;adj
estatisticamente;1;adv
estatutário;1;adj
estatística;1;nom
estação;1;nom
estelionato;1;nom
estelionatário;1;nom
estereótipo;1;nom
esticamento;1;nr
estigma;1;nom
estigmatização;1;nr
estimar;1;ver
estipular;1;ver
estoicamente;1;adv
estopim;1;nom
estoque;1;nom
estouro;1;nom
estragar;1;ver
estrago;1;nom
estrategista_chefe;1;nr
estrategista_mor;1;nr
estratificação;1;nom
estratosférico;1;adj
estraçalhar;1;ver
estrear;1;ver
estritamente;1;adv
estrito;1;adj
estruturante;1;adj
estupor;1;nom
estático;1;adj
estância;1;nom
estúpido;1;adj
etanol;1;nom
eternizar;1;ver
etiópia;1;nom
etéreo;1;adj
eunício;1;nr
eurocética;1;nr
eurocéticos;1;nr
europas;1;nr
eurásia;1;nom
evadir;1;ver
evangelista;1;nom
evasão;1;nom
evocar;1;ver
evocação;1;nom
evoluir;1;ver
ex_aluno;1;nr
ex_banco;1;nr
ex_banqueiro;1;nr
ex_capitão;1;nr
ex_chanceler;1;nr
ex_diretores;1;nr
ex_economista_chefe;1;nr
ex_embaixador;1;nr
ex_embaixadora;1;nr
ex_estrategista;1;nr
ex_governador;1;nr
ex_integrantes;1;nr
ex_juiz;1;nr
ex_ministra;1;nr
ex_negociador;1;nr
ex_negociadora;1;nr
ex_policial;1;nr
ex_prefeito;1;nr
ex_presidenciável;1;nr
ex_presidiário;1;nr
ex_radialista;1;nr
ex_secretária;1;nr
exacerbado;1;adj
exagerar;1;ver
exaltado;1;adj
examinar;1;ver
exaustivo;1;adj
excepcional;1;adj
excepcionalmente;1;adv
exchange;1;nr
execração;1;nom
exercido;1;adj
exibir;1;ver
exibição;1;nom
exigente;1;adj
exortar;1;ver
expansionista;1;adj
expiação;1;nom
expirar;1;ver
exportar;1;ver
expressivamente;1;adv
exprimir;1;ver
expropriar;1;ver
expulsar;1;ver
expulsão;1;nom
expurgar;1;ver
expurgo;1;nom
extenso;1;adj
exterminar;1;ver
extinto;1;adj
extinção;1;nom
extirpar;1;ver
extorsão;1;nom
extra_humanas;1;nr
extravagante;1;adj
extrema_direita;1;nr
exíguo;1;adj
ezequiel;1;nom
ezra;1;nom
eólico;1;adj
fabinho;1;nom
fabricante;1;nom
fabricável;1;nr
faca;1;nom
facada;1;nom
facilidade;1;nom
facilitação;1;nom
facultativo;1;adj
faixa_título;1;nr
fakes;1;nr
falsificado;1;adj
falsificação;1;nom
falência;1;nom
fama;1;nom
familiarizar;1;ver
familismo;1;nr
fanfani;1;nr
fantasiar;1;ver
fantasioso;1;adj
fantasma;1;nom
fantástico;1;adj
faoro;1;nom
faraônico;1;adj
farda;1;nom
farejar;1;ver
farmoquímico;1;nr
faro;1;nom
fartura;1;nom
fascimo;1;nr
fascinante;1;adj
fascinar;1;ver
fascita;1;nr
fascínio;1;nom
fat;1;nr
fatal;1;adj
fatalmente;1;adv
fattah;1;nr
favoritismo;1;nom
favorito;1;adj
favorizar;1;ver
fazendo_os;1;nr
fbi;1;nr
fbsp;1;nr
fea_usp;1;nr
fechado;1;adj
feder;1;ver
federado;1;adj
federalização;1;nom
federativo;1;adj
federação;1;nom
feio;1;adj
feminilidade;1;nom
fenda;1;nom
ferdinando;1;nom
fernanda;1;nom
fernández;1;nom
feroz;1;adj
ferrenho;1;adj
ferréz;1;nr
fervoroso;1;adj
fervura;1;nom
festejar;1;ver
festivo;1;adj
fev;1;nr
fiador;1;nom
ficcional;1;adj
ficha_suja;1;nr
fidedigno;1;adj
figueiredo;1;nom
figurado;1;adj
filantropo;1;nom
fileira;1;nom
filial;1;nom
filigrana;1;nom
finlândia;1;nom
firma;1;nom
firmeza;1;nom
firmina;1;nom
fiscalismo;1;nr
fiscalista;1;nom
fiscalmente;1;adv
fisiologismo;1;nom
fisiológico;1;adj
fivethirtyeight;1;nr
fixar;1;ver
fixação;1;nom
fixo;1;adj
flamenco;1;nom
flanco;1;nom
flexibilizar;1;ver
flexionar;1;ver
flexível;1;adj
florido;1;adj
floyd;1;nr
fluidez;1;nom
fluido;1;adj
fluir;1;ver
flórida;1;nom
fobia;1;nom
folclore;1;nom
fome;1;nom
fomentar;1;ver
fomento;1;nom
football;1;nr
forbes;1;nr
ford;1;nom
forjar;1;ver
forjem;1;nr
formalmente;1;adv
formatada;1;nr
fornecimento;1;nom
fortalecido;1;adj
fortalecimento;1;nom
foto;1;nom
fotografia;1;nom
fpe;1;nr
fpm;1;nr
fragilizado;1;adj
fragmentar;1;ver
fragmentação;1;nom
francamente;1;adv
franger;1;ver
frank;1;nom
franklin;1;nom
franko;1;nr
franquear;1;ver
françois;1;nom
frear;1;ver
freedom;1;nr
frentista;1;nom
fresco;1;adj
fresta;1;nom
frigorífico;1;nom
frisar;1;ver
fritar;1;ver
fritz;1;nr
from;1;nr
frutífero;1;adj
fruída;1;nr
fsb;1;nr
fsbp;1;nr
fugaz;1;adj
fulminante;1;adj
fumaça;1;nom
funcional;1;adj
fund;1;nr
fundamentalista;1;adj
fundamentalmente;1;adv
fundar;1;ver
furar;1;ver
fusão;1;nom
fábula;1;nom
fúria;1;nom
g;1;nom_sup
gabar;1;ver
gabriel;1;nom
gafe;1;nom
galinha;1;nom
galland;1;nr
galopante;1;adj
galopar;1;ver
gandra;1;nr
gangue;1;nom
ganir;1;ver
gap;1;nr
garcia;1;nom
gargalhada;1;nom
garupa;1;nom
gatonet;1;nr
gaveta;1;nom
gaúcho;1;adj
geert;1;nr
generosidade;1;nom
genial;1;adj
genocidas;1;nr
genro;1;nom
gentile;1;nr
genuinamente;1;adv
genética;1;nom
genótipo;1;nom
geracional;1;adj
gerald;1;nom
geraldo;1;nom
gerencial;1;adj
gerenciamento;1;nom
geriátrico;1;adj
german;1;nr
gigante;1;adj
gincana;1;nom
gines;1;nr
giorgia;1;nr
giovanni;1;nom
girar;1;ver
gisele;1;nom
globalistas;1;nr
globalmente;1;adv
glória;1;nom
gogó;1;nom
gol;1;nom
gold;1;nr
goleada;1;nom
goleiro;1;nom
golfo;1;nom
gonzalez;1;nom
goodbye;1;nr
gotemburgo;1;nr
gove;1;nr
governista;1;adj
government;1;nr
grabbe;1;nr
graciliano;1;nom
grade;1;nom
graduado;1;adj
graduação;1;nom
grafar;1;ver
granta;1;nr
gravar;1;ver
gravitacional;1;adj
gravito;1;nom
graziane;1;nr
green;1;nr
greve;1;nom
grileiro;1;nom
gripe;1;nom
gripezinha;1;nr
gritar;1;ver
grito;1;nom
grosso;1;adj
group;1;nr
gráfico;1;nom
grátis;1;adj
grão;1;nom
guess;1;nr
gueto;1;nom
guiamos;1;nr
guida;1;nr
guild;1;nr
guitarra;1;nom
guitarrista;1;nom
gustavo;1;nom
götterdämmerung;1;nr
h;1;nom_sup
habeas;1;nr
habitualmente;1;adv
habsburgo;1;nr
hacker;1;nom
hacking;1;nr
hajjar;1;nr
hannah;1;nr
harmonia;1;nom
hartosh;1;nr
harvard;1;nom
hashtag;1;nr
hashtags;1;nr
hastear;1;ver
hattem;1;nr
hawley;1;nr
heather;1;nr
hello;1;nr
help;1;nr
hemisfério;1;nom
herbert;1;nom
here;1;nr
heredia;1;nr
hermenêutica;1;nom
hermes;1;nom
heroica;1;nr
heroico;1;nr
herrenvolk;1;nr
hesitante;1;adj
hesitar;1;ver
heterogeneidade;1;nom
heterogêneo;1;adj
hidden;1;nr
hidroxicloroquina;1;nr
hierarquizações;1;nr
hillary;1;nom
hispânico;1;adj
history;1;nr
histérico;1;adj
hitler;1;nom
hohenzollern;1;nr
holandês;1;adj
hollywood;1;nom
homenagear;1;ver
homenagem;1;nom
homeopatia;1;nom
homofobia;1;nr
homofóbico;1;nr
homofóbicos;1;nr
homogeneizar;1;ver
honduras;1;nom
hong;1;nr
hooligans;1;nr
hope;1;nr
horror;1;nom
horroroso;1;adj
hospedar;1;ver
hospitalizar;1;ver
hospício;1;nom
hostilizar;1;ver
hotel;1;nom
house;1;nr
huck;1;nr
human;1;nr
humanitário;1;adj
humilde;1;adj
humor;1;nom
hun;1;nr
hélio;1;nom
hélène;1;nr
híbrido;1;adj
ibmec;1;nr
ibovespa;1;nr
ibre;1;nr
ibérico;1;adj
ida;1;nom
idealista;1;adj
identitário;1;nr
identitários;1;nr
ideologicamente;1;adv
ideologiza;1;nr
ideário;1;nom
idh;1;nr
idiossincrático;1;adj
idolatrar;1;ver
igualitário;1;adj
ilegalmente;1;adv
ilegítimo;1;adj
ilha;1;nom
ilimitado;1;adj
iludir;1;ver
iluminado;1;adj
ilusionista;1;nom
ilícito;1;adj
imaginado;1;adj
imaginaríamos;1;nr
imaginativo;1;adj
imaginação;1;nom
imberbe;1;adj
imbicou;1;nr
imbricação;1;nom
imigrante;1;nom
iminente;1;adj
imitado;1;adj
imobilidade;1;nom
imobilismo;1;nom
impaciente;1;adj
impasse;1;nom
impecavelmente;1;adv
impensável;1;adj
imperativo;1;nom
imperdível;1;adj
impermanência;1;nr
impessoal;1;adj
implacável;1;adj
implementação;1;nom
implicado;1;nom
imploda;1;nr
implodir;1;nr
implorar;1;ver
implícito;1;adj
imponente;1;adj
impossibilidade;1;nom
impreciso;1;adj
imprecisão;1;nom
impregnar;1;ver
impressionismo;1;nom
imprevisível;1;adj
improvável;1;adj
imprudente;1;adj
impulso;1;nom
impune;1;adj
imputar;1;ver
imune;1;adj
imunidade;1;nom
imunizante;1;nr
imunológico;1;adj
imóvel;1;adj
in;1;pre
inacabado;1;adj
inadequado;1;adj
inadmissível;1;adj
inalterado;1;adj
inaptidão;1;nom
inapto;1;adj
incauto;1;nom
incendeiem;1;nr
incendiar;1;ver
incendiário;1;adj
incensar;1;ver
inchar;1;ver
incidente;1;nom
incidência;1;nom
incitação;1;nom
inclemente;1;adj
inclinado;1;adj
inclinar;1;ver
inclinaram_nas;1;nr
incluído;1;adj
incoerente;1;adj
incomodar;1;ver
incompatibilidade;1;nom
incompetência_insensibilidade;1;nr
incompreensível;1;adj
incomum;1;adj
incomunicabilidade;1;nom
inconciliável;1;adj
inconstitucional;1;adj
incor;1;nr
incremental;1;adj
incremento;1;nom
incriminador;1;adj
incumbente;1;nr
incumbência;1;nom
incursão;1;nom
incômodo;1;adj
indecisão;1;nom
indenizar;1;ver
independentemente;1;adv
independer;1;ver
index;1;nr
indexar;1;ver
indicativo;1;nom
indiferença;1;nom
indisciplina;1;nom
indiscriminado;1;adj
indisfarçáveis;1;nr
indisfarçável;1;adj
indispensável;1;adj
indisponível;1;adj
individualismo;1;nom
individualmente;1;adv
industrializado;1;adj
industrialização;1;nom
industriar;1;ver
indutor;1;adj
ineficaz;1;adj
ineficiente;1;adj
ineficácia;1;nom
inegável;1;adj
inelegível;1;adj
inesgotável;1;adj
inesperado;1;adj
inesquecível;1;adj
inexistente;1;adj
inexistir;1;ver
inexperiência;1;nom
inexpugnável;1;adj
infalível;1;adj
infectar;1;ver
infectologia;1;nom
infeliz;1;adj
inferior;1;adj
inferno;1;nom
infinidade;1;nom
inflamado;1;adj
inflar;1;ver
inflation;1;nr
inflexão;1;nom
infligir;1;ver
influenciador;1;adj
influentemente;1;nr
influxo;1;nom
infralegal;1;nr
infringir;1;ver
infudadas;1;nr
infâmia;1;nom
infância;1;nom
ingenuidade;1;nom
inimaginável;1;adj
injustamente;1;adv
injustiça;1;nom
inocentar;1;ver
inocular;1;ver
inoculação;1;nom
inovação;1;nom
inpe;1;nr
inquisição;1;nom
insanidade;1;nom
insatisfeito;1;adj
inscrever;1;ver
insegurança;1;nom
insensatez;1;nom
inserir;1;ver
insolvência;1;nom
insper;1;nr
instante;1;nom
instantâneo;1;adj
instigar;1;ver
institut;1;nr
instrumental;1;adj
insubstituível;1;adj
insuficiência;1;nom
insultar;1;ver
insurgir;1;ver
insustentável;1;adj
intangível;1;adj
intensivo;1;adj
interagir;1;ver
interditar;1;ver
interferimos;1;nr
interinamente;1;adv
interlocutor;1;nom
internacionalizar;1;ver
internacionalmente;1;adv
internamente;1;adv
interrogatório;1;nom
interrupção;1;nom
intervalo;1;nom
intimamente;1;adv
intimidará;1;nr
intitular;1;ver
intocado;1;adj
intrigante;1;adj
intrigava_o;1;nr
intrinsecamente;1;adv
intrometer;1;ver
intuitivo;1;adj
inusitado;1;adj
invalidar;1;ver
invariavelmente;1;adv
inventei_o;1;nr
invenção;1;nom
inverso;1;adj
inversão;1;nom
investigado;1;adj
investigativo;1;adj
investments;1;nr
invisível;1;adj
inviável;1;adj
inércia;1;nom
inócuo;1;adj
ipec;1;nr
ipsos;1;nr
ira;1;nom
iraque;1;nom
irlanda;1;nom
ironicamente;1;adv
ironizar;1;ver
irracional;1;adj
irreal;1;adj
irreconhecível;1;adj
irrefutável;1;adj
irregularidade;1;nom
irremediavelmente;1;adv
irrestrito;1;adj
irrisório;1;adj
irritar;1;ver
irônico;1;adj
isca;1;nom
isentar;1;ver
isla;1;nr
islamização;1;nr
islamoesquerdismo;1;nr
islândia;1;nom
islã;1;nom
ismo;1;nr
ismos;1;nr
israel;1;nom
itapiranga;1;nr
iulia;1;nr
iv;1;nr
ivanka;1;nr
ives;1;nom
izmailovo;1;nr
iêmen;1;nom
j;1;nom_sup
jack;1;nom
jaguariúna;1;nom
jake;1;nr
james;1;nom
jammeh;1;nr
jan_werner;1;nr
jane;1;nom
janet;1;nr
janis;1;nom
janssen;1;nr
jaqueira;1;nom
jared;1;nr
jason;1;nr
jefferson;1;nom
jeremy;1;nr
jesus;1;nom
jesuíta;1;adj
jihad;1;nr
jihadista;1;nr
jim;1;nom
jinping;1;nr
jocelyn;1;nr
jogada;1;nom
jon;1;nr
jorro;1;nom
josh;1;nr
journal;1;nr
jovialidade;1;nom
judeu;1;adj
juiz_empreendedor;1;nr
justiçar;1;ver
juvenil;1;adj
kafka;1;nom
kajuru;1;nr
kalache;1;nr
kapil;1;nr
kapoor;1;nr
keiko;1;nr
kennedy;1;nom
kesterbaum;1;nr
kgb;1;nr
kicis;1;nr
klein;1;nom
komireddi;1;nr
kong;1;nom
kurt;1;nr
kushner;1;nr
kyoto;1;nr
labirinto;1;nom
lacalle;1;nr
ladrão;1;nom
laivo;1;nom
lamacento;1;adj
lamberto;1;nr
lamentavelmente;1;adv
lamentação;1;nom
lang;1;nr
lanka;1;nom
largar;1;ver
larry;1;nr
latiff;1;nr
latino_xenófoba;1;nr
laura;1;nom
laurentino;1;nr
lava_jatismo;1;nr
lava_jatistas;1;nr
lavagem;1;nom
lavajatismo;1;nr
lavajatistas;1;nr
law;1;nr
ldu;1;nr
lealdade;1;nom
leandro;1;nom
ledo;1;adj
leem;1;nr
legalismo;1;nr
legalizar;1;ver
legalização;1;nom
legalmente;1;adv
legislador;1;nom
lehman;1;nr
leiloamos;1;nr
leilão;1;nom
lenha;1;nom
lentamente;1;adv
lentidão;1;nom
lessa;1;nom
lesão;1;nom
letal;1;adj
letta;1;nr
levantamento;1;nom
lewandowski;1;nr
leyenda;1;nr
lgbtqia;1;nr
liberal_bolsonarismo;1;nr
liberalização;1;nom
libertador;1;adj
libertinagem;1;nom
light;1;nr
limbo;1;nom
limitante;1;adj
limpeza;1;nom
linchamento;1;nom
lincoln;1;nom
ling;1;nr
linguajar;1;nom
linguiça;1;nom
linguístico;1;adj
link;1;nom
lins;1;nom
liquidez;1;nom
lirismo;1;nom
literalmente;1;adv
lives;1;nr
livremente;1;adv
llp;1;nr
lobby;1;nom
lobotomizado;1;nr
localismo;1;nom
localmente;1;adv
loja;1;nom
lombardia;1;nr
londrino;1;adj
longevidade;1;nom
lotar;1;ver
louro;1;nom
louvar;1;ver
louvação;1;nom
lowy;1;nr
loy;1;nr
luanda;1;nom
lucia;1;nom
lucratividade;1;nom
ludhmila;1;nr
luiza;1;nom
lulismo;1;nr
lulista;1;nr
lulistas;1;nr
lulobolsonarismo;1;nr
lulopetismo;1;nr
lulopetista;1;nr
luto;1;nom
luva;1;nom
lábio;1;nom
lágrima;1;nom
líbia;1;nom
líquido;1;adj
lírico;1;adj
lúcido;1;adj
m;1;nom_sup
ma;1;nr
macedo;1;nom
machismo;1;nom
machucado;1;adj
machucar;1;ver
maconha;1;nom
macri;1;nr
macroeconômico;1;adj
macular;1;ver
madame;1;nom
madeira;1;nom
madeireiro;1;nom
madri;1;nom
madrugada;1;nom
magia;1;nom
magicamente;1;adv
magistocracia;1;nr
magistratura;1;nom
magno;1;adj
magnânimo;1;adj
majestoso;1;adj
major;1;nom
majoração;1;nom
majoritariamente;1;adv
majors;1;nr
maldição;1;nom
malfazem;1;nr
mall;1;nr
malária;1;nom
malê;1;nr
mamar;1;ver
manancial;1;nom
manantial;1;nr
manchar;1;ver
manejar;1;ver
manhattan;1;nom
manipulação;1;nom
maniqueísta;1;adj
manoel;1;nom
mantega;1;nr
mantenedor;1;nom
manto;1;nom
mantra;1;nr
manuel;1;nom
manufatura;1;nom
maquiagem;1;nom
maquiavel;1;nom
maquinação;1;nom
maranhão;1;nom
marcadamente;1;adv
marcado;1;adj
marcel;1;nom
marcha;1;nom
marcial;1;adj
marechal;1;nom
maricas;1;nom
marinheiro;1;nom
marionete;1;nom
marisa;1;nom
market;1;nr
marketing;1;nom
markets;1;nr
marqueteiro;1;nom
marra;1;nom
marshall;1;nom
marte;1;nom
martins;1;nom
martín;1;nom
martínez;1;nr
martírio;1;nom
maría;1;nr
mascarar;1;ver
massagem;1;nom
massivo;1;adj
matador;1;nom
matança;1;nom
matemático;1;nom
materializar;1;ver
matias;1;nom
matrona;1;nom
matrosskaia;1;nr
maurice;1;nom
mauricio;1;nom
maximizadora;1;nr
mayer;1;nom
mayra;1;nr
mazza;1;nr
mazzetti;1;nr
maçom;1;nom
maçã;1;nom
mdb;1;nr
mdb_ac;1;nr
mdb_ce;1;nr
mdb_mg;1;nr
mdb_ms;1;nr
mdb_sp;1;nr
meado;1;nom
mec;1;nr
medalha;1;nom
mediante;1;pre
mediar;1;ver
medicaid;1;nr
medicamentar;1;ver
medicina;1;nom
medina;1;nom
medvedev;1;nr
megaconspiração;1;nr
meia_vida;1;nr
meia_volta;1;nr
meier;1;nr
melar;1;ver
meliante;1;nom
melindroso;1;adj
meloni;1;nr
memorial;1;nom
mencionado;1;adj
mendoza;1;nr
mental;1;adj
meramente;1;adv
mercadejava;1;nr
mercedes;1;nom
mercurial;1;nr
mercê;1;nom
merecidamente;1;adv
mergulhar;1;ver
meritíssimo;1;adj
mesquinho;1;adj
mesquita;1;nom
messianismo;1;nom
metafísica;1;nom
metalúrgico;1;nom
metapolítica;1;nr
meter;1;ver
metro;1;nom
metropolitano;1;adj
metrópole;1;nom
mexicano;1;adj
miar;1;ver
michelle;1;nr
midiática;1;nr
midiáticas;1;nr
midiático;1;nr
migração;1;nom
milico;1;nom
milicusprudência;1;nr
militarismo;1;nom
militariza;1;nr
mille;1;nom
miller;1;nom
milênio;1;nom
mimético;1;adj
mind;1;nr
mineração;1;nom
minimamente;1;adv
ministerial;1;adj
ministerio;1;nr
ministrar;1;ver
miopia;1;nom
miotto;1;nr
mira;1;nom
mirabolante;1;adj
mirar;1;ver
missionário;1;nom
missouri;1;nom
misturando_a;1;nr
mistério;1;nom
mit;1;nr
mitch;1;nr
mitologia;1;nom
mitt;1;nr
miúdo;1;adj
mobilização;1;nom
mobiliário;1;adj
moda;1;nom
modelar;1;adj
moderador;1;nom
modernizador;1;adj
modernizar;1;ver
modernização;1;nom
modificação;1;nom
modus;1;nr
moldar;1;ver
moll;1;nr
molécula;1;nom
monet;1;nom
money;1;nr
mongólia;1;nom
monitorado;1;nr
monitorados;1;nr
monocrático;1;adj
montaigne;1;nom
monte;1;nom
monti;1;nr
monumental;1;adj
morada;1;nom
morales;1;nom
mortal;1;adj
mosca;1;nom
moscovita;1;adj
mote;1;nom
motim;1;nom
moto;1;nom
mourão;1;nom
movediço;1;adj
movimentação;1;nom
moïsi;1;nr
mpf;1;nr
mre;1;nr
muhyiddin;1;nr
muller;1;nom
multidão;1;nom
multiplicador;1;nom
multipolar;1;adj
munique;1;nom
murro;1;nom
mussi;1;nr
mutação;1;nom
myth;1;nr
médici;1;nom
móvel;1;adj
múltiplo;1;adj
músculo;1;nom
n;1;nom_sup
nabuco;1;nom
nacionalidade;1;nom
nagasaki;1;nr
name;1;nr
namorado;1;nom
namorar;1;ver
nancy;1;nom
napoleões;1;nr
narcisismos;1;nr
narendra;1;nr
narrar;1;ver
nasal;1;adj
national;1;nr
naturalismo;1;nom
naturalizamos;1;nr
naturalização;1;nom
nature;1;nr
naufragar;1;ver
navegar;1;ver
navios_sonda;1;nr
nayib;1;nr
nazismo;1;nom
nazista;1;adj
nbc;1;nr
nebuloso;1;nom
nefasto;1;adj
negligenciar;1;ver
negociador;1;nom
negociável;1;adj
neha;1;nr
neo_evangélicas;1;nr
neo_zelandês;1;nr
neoimperialismo;1;nr
neonazista;1;adj
nepotista;1;nr
nervosismo;1;nom
nestor;1;nom
netflix;1;nr
neusa;1;nr
neutralidade;1;nom
neutralizar;1;ver
neve;1;nom
nevoeiro;1;nom
newsletters;1;nr
niall;1;nr
nicarágua;1;nom
nicho;1;nom
nicolás;1;nr
nigel;1;nom
nigéria;1;nom
niilismo;1;nom
ninho;1;nom
noblat;1;nr
nodoam;1;nr
nogueira;1;nom
nojo;1;nom
nonsense;1;nr
nord;1;nr
normalidade;1;nom
norte_americana;1;nr
noticiar;1;ver
noticiário;1;nom
noturno;1;adj
novaes;1;nom
novela;1;nom
novitchok;1;nr
novo_rs;1;nr
nulo;1;adj
numérico;1;adj
níger;1;nr
núncio;1;nom
obamacare;1;nr
obcecado;1;adj
obediência;1;nom
obras_chave;1;nr
obsceno;1;adj
obscurecer;1;ver
obsequioso;1;adj
observação;1;nom
obsessão;1;nom
obstfeld;1;nr
obstruir;1;ver
obstrução;1;nom
obtenção;1;nom
obviedade;1;nom
ocde;1;nr
ocorrência;1;nom
ocultismo;1;nom
ocupante;1;nom
odiado;1;adj
oeste;1;nom
ofensivo;1;adj
ofertar;1;ver
oficializariam;1;nr
ogums;1;nr
ohmresearch;1;nr
oitocentista;1;adj
olavismo;1;nr
olavistas;1;nr
oligarca;1;nom
olímpio;1;nom
omitir;1;ver
onerar;1;ver
oneroso;1;adj
onipresente;1;adj
opcional;1;adj
open;1;nom
operandi;1;nr
operante;1;adj
operário;1;adj
opinar;1;ver
opressor;1;adj
orbitar;1;ver
ordenado;1;adj
ordenador;1;nom
ordinário;1;adj
orgânico;1;adj
orgãos;1;nr
orientado;1;adj
oriental;1;adj
originalmente;1;adv
originar;1;ver
oscilação;1;nom
ossof;1;nr
ostensivo;1;adj
otto;1;nom
ovd_info;1;nr
oxford_astrazeneca;1;nr
oxycontin;1;nr
pacificador;1;adj
pacificar;1;ver
pacificação;1;nom
paco;1;nom
pactuar;1;ver
padaria;1;nom
padecer;1;ver
pagaremos;1;nr
pagão;1;adj
painel;1;nom
paisagem;1;nom
paladino;1;nom
palestrante;1;nom
paletó;1;nom
palhaço;1;nom
pallas;1;nr
palocci;1;nr
palomar;1;ver
palpite;1;nom
panamá;1;nom
pandêmicas;1;nr
pandêmicos;1;nr
panela;1;nom
panfleto;1;nom
pano;1;nom
pantera;1;nom
pança;1;nom
papa;1;nom
papel_moeda;1;nr
parabéns;1;nom
paradigma;1;nom
paradigmático;1;adj
parafrasear;1;ver
parainstitucionais;1;nr
paralisante;1;adj
paralisação;1;nom
paralisia;1;nom
paramento;1;nom
paranoide;1;nr
paraquedas;1;nr
paraíso;1;nom
parcamente;1;adv
parcialidade;1;nom
paresh;1;nr
paridade;1;nom
parler;1;nr
parodiar;1;ver
partidarismo;1;nom
partilhar;1;ver
partners;1;nr
parâmetro;1;nom
pasadena;1;nr
passaporte;1;nom
passatempo;1;nom
passear;1;ver
passividade;1;nom
pastiche;1;nom
pasto;1;nom
pato;1;nom
patranhas;1;nr
patriarcado;1;nom
patrimonial;1;adj
patriota;1;nom
patrocínio;1;nom
paty;1;nr
patético;1;adj
paul;1;nom
paulistano;1;adj
pavonear;1;ver
pazuellização;1;nr
pd;1;nr
pds;1;nr
pdsb_sp;1;nr
pdvsa;1;nr
peculato;1;nom
pecuária;1;nom
pedagogia;1;nom
pedaço;1;nom
pedro;1;nom
pedíssemos;1;nr
peito;1;nom
peleja;1;nom
pelosi;1;nr
pelúcia;1;nom
penalização;1;nom
pendor;1;nom
peneira;1;nom
penitenciária;1;nom
penitenciário;1;adj
pensilvânia;1;nom
península;1;nom
people;1;nr
peppers;1;nr
percebido;1;adj
percentagem;1;nom
perdedor;1;nom
perdoar;1;ver
perdulário;1;adj
perdurar;1;ver
perdão;1;nom
perenizar;1;ver
perfazer;1;ver
periférico;1;adj
periodicamente;1;adv
pernicioso;1;adj
perorar;1;nr
perpetrar;1;ver
perpetuação;1;nom
perplexo;1;adj
perpétuo;1;adj
persecutório;1;adj
personalismo;1;nom
peruano;1;adj
pessimista;1;adj
pessoalmente;1;adv
peterson;1;nom
petrificar;1;ver
petrobrás;1;nom
peças_chave;1;nr
pgr;1;nr
piano;1;nom
picasso;1;nom
pilha;1;nom
pimentel;1;nom
pintado;1;adj
pioneiro;1;adj
piracicaba_panorama;1;nr
piranha;1;nom
pirata;1;nom
pires;1;adj
pisotear;1;ver
pissarro;1;nr
piva;1;nom
pl_sp;1;nr
placa;1;nom
planificadora;1;nr
planificar;1;ver
plantio;1;nom
plasmar;1;ver
platô;1;nom
play;1;nom
pld;1;nr
pluma;1;nom
pluralidade;1;nom
pluralista;1;adj
plutocracia;1;nom
plutocrata;1;nom
plutocrático;1;nr
po;1;nr
poderio;1;nom
poe;1;nom
poeira;1;nom
poema;1;nom
poesia;1;nom
polarizador;1;adj
policromático;1;nr
policy;1;nr
poliomielite;1;nom
polir;1;ver
politics;1;nr
politização;1;nom
polonês;1;adj
poluidor;1;adj
polícas;1;nr
político_administrativa;1;nr
político_ideológico;1;nr
político_ideológicos;1;nr
pomposo;1;adj
ponte;1;nom
pontificado;1;nom
pontuar;1;ver
popa;1;nom
populacional;1;adj
popularizar;1;ver
populisprudência;1;nr
porosidade;1;nom
porquê;1;adv
porrinha;1;nr
porta_voz;1;nr
porta_vozes;1;nr
portador;1;nom
portal;1;nom
posar;1;ver
posicionamento;1;nom
posicionar;1;ver
possibilitar;1;ver
possivelmente;1;adv
postado;1;adj
postagem;1;nom
postergar;1;ver
postiço;1;adj
postos_chave;1;nr
pou;1;nr
poupado;1;adj
povoar;1;ver
poço;1;nom
praga;1;nom
praia;1;nom
prateleira;1;nom
praticidade;1;nom
prato;1;nom
praveer;1;nr
prayut;1;nr
praça;1;nom
precarizados;1;nr
precaução;1;nom
precificando;1;nr
preciosidade;1;nom
precioso;1;adj
precipitado;1;adj
precipitar;1;ver
precocemente;1;adv
preconceito;1;nom
precondição;1;nom
preconizar;1;ver
precursor;1;nom
predefinir;1;ver
predileção;1;nom
predominar;1;ver
preexistente;1;adj
prefixar;1;ver
pregador;1;nom
pregação;1;nom
prego;1;nom
preguiça;1;nom
preguiçoso;1;adj
prejudicado;1;adj
prejudicial;1;adj
preliminar;1;adj
premente;1;adj
premiar;1;ver
premir;1;ver
prender;1;ver
prensa;1;nom
prenunciar;1;ver
preparado;1;adj
preparatório;1;adj
prerrogativa;1;nom
prescindir;1;ver
presenciar;1;ver
presentismo;1;nr
preservado;1;adj
preservação;1;nom
presidentes_executivos;1;nr
presságio;1;nom
preste;1;adj
prestigiar;1;ver
pretendente;1;nom
pretendido;1;adj
pretensioso;1;adj
pretenso;1;adj
pretensão;1;nom
pretexto;1;nom
prevalente;1;adj
preventivamente;1;adv
preventivo;1;adj
previamente;1;adv
previsto;1;adj
previsível;1;adj
prezar;1;ver
primado;1;nom
primar;1;ver
primo;1;adj
primário;1;adj
princesa;1;nom
priorizar;1;ver
priorização;1;nom
priorizou;1;nr
privacidade;1;nom
privativo;1;adj
privilegiado;1;adj
prize;1;nr
prm;1;nr
pro;1;pre
problematização;1;nom
procedimentalista;1;nr
procedimento;1;nom
processado;1;adj
procuração;1;nom
prodes;1;nr
produtividade;1;nom
proeza;1;nom
professar;1;ver
profeta;1;nom
profissão;1;nom
prognóstico;1;nom
progressivamente;1;adv
progressividade;1;nom
proibitivamente;1;nr
project;1;nr
prol;1;nom
prolongamento;1;nom
prometido;1;adj
promotoria;1;nom
pronunciar;1;ver
propagador;1;nom
propalar;1;ver
propensão;1;nom
propina;1;nom
proporcionalmente;1;adv
proposital;1;adj
propositivo;1;nr
propositura;1;nom
proposição;1;nom
propriamente;1;adv
proprietário;1;nom
propulsão;1;nom
prorrogar;1;ver
proselitismo;1;nom
prosperity;1;nr
protecionista;1;adj
protetivas;1;nr
protetivo;1;nr
protetor;1;adj
proveitoso;1;adj
proveniente;1;adj
providenciar;1;ver
providência;1;nom
provincianismo;1;nom
provinciano;1;adj
provocador;1;adj
przeworski;1;nr
pré_candidato;1;nr
pré_candidatura;1;nr
pré_carnaval;1;nr
pré_clínica;1;nr
pré_história;1;nr
pré_urbano;1;nr
pré_venda;1;nr
prédio;1;nom
pró;1;nom
pró_capitalismo;1;nr
pró_democracia;1;nr
pró_mercado;1;nr
pró_militar;1;nr
pró_ricos;1;nr
pró_trump;1;nr
pró_vacina;1;nr
prócer;1;nom
psc;1;nr
psd;1;nr
psdb;1;nr
psdb_sp;1;nr
pseudo;1;nr
pseudociência;1;nom
psiquiátrico;1;adj
psl;1;nr
psol_sp;1;nr
ptdob;1;nr
puc_rio;1;nr
pujança;1;nom
pular;1;ver
pulmão;1;nom
pulverizar;1;ver
punho;1;nom
punir;1;ver
pupilo;1;nom
purvis;1;nr
puxar;1;ver
páreo;1;nom
pátrio;1;adj
pânico;1;nom
pérsico;1;adj
pódio;1;nom
pólvora;1;nom
pós_crise;1;nr
pós_fascista;1;nr
pós_golpe;1;nr
pós_independência;1;nr
público_privada;1;nr
qanon;1;nr
quadrante;1;nom
quadratura;1;nom
qualificação;1;nom
qualitativamente;1;adv
quantificar;1;ver
quantitativo;1;adj
quarentena;1;nom
quartelada;1;nom
quebradeira;1;nom
quebrado;1;adj
queima;1;nom
queixa;1;nom
quente;1;adj
querela;1;nom
questionário;1;nom
questionável;1;adj
questo;1;nr
quilate;1;nom
quinhentos;1;adj_num
quinquilharia;1;nom
quinquênios;1;nr
quitar;1;ver
quixote;1;nom
quênia;1;nom
r;1;nom_sup
rabo;1;nom
rachado;1;adj
rachadura;1;nom
racionalizar;1;ver
radicalizar;1;ver
radoslaw;1;nr
rafael;1;nom
ralph;1;nom
rand;1;nr
ranjan;1;nr
rankings;1;nr
ranquetat;1;nr
rapaz;1;nom
rapidez;1;nom
rasgado;1;adj
raso;1;adj
rastreabilidade;1;nr
ratificar;1;ver
rato;1;nom
raymundo;1;nom
rb;1;nr
rcifrão110;1;nr
rcifrão12;1;nr
reabilitação;1;nom
reacção;1;nom
reafirmação;1;nom
reajustar;1;ver
realinhar;1;ver
reality;1;nr
realização;1;nom
reassumir;1;ver
reaver;1;ver
rebranding;1;nr
recapitalizar;1;nr
recep;1;nr
recesso;1;nom
recinto;1;nom
reclamação;1;nom
recolher;1;ver
reconciliação;1;nom
reconduzia;1;nr
reconectar;1;nr
reconhecimento;1;nom
reconhecível;1;adj
reconquistar;1;ver
reconstrução;1;nom
recontagem;1;nom
record;1;nom
recorrente;1;adj
recorrência;1;nom
recém_eleitas;1;nr
redator;1;nom
redemocratização;1;nom
redenção;1;nom
redescobrir;1;ver
redesenhar;1;ver
redistribuição;1;nom
redistributivas;1;nr
redundante;1;adj
reelegerá;1;nr
reeleitoreiro;1;nr
reempacotado;1;nr
reequilibrar;1;ver
reequilíbrio;1;nom
referenciar;1;ver
referido;1;adj
refinar;1;ver
reformado;1;adj
reformista;1;adj
reformulação;1;nom
reforço;1;nom
refrear;1;ver
rega;1;nom
regalia;1;nom
regeneração;1;nom
regimento;1;nom
regionalismo;1;nom
regozijar;1;ver
regressar;1;ver
regressista;1;adj
regressivo;1;adj
regresso;1;nom
regulador;1;adj
regularidade;1;nom
regulatórias;1;nr
regulatório;1;nr
rei;1;nom
reilly;1;nr
reinado;1;nom
reinar;1;ver
reinstalação;1;nom
reinventar;1;ver
relativista;1;adj
relegar;1;ver
relembrar;1;ver
religiosidade;1;nom
relutar;1;ver
remanejamento;1;nom
remontar;1;ver
remorso;1;nom
remover;1;ver
remunerar;1;ver
renascermos;1;nr
renato;1;nom
rendição;1;nom
renomear;1;nr
renovabr;1;nr
repactuado;1;nr
reparar;1;ver
repassador;1;nom
repelir;1;ver
repensar;1;ver
repentinamente;1;adv
repercutir;1;ver
replicação;1;nom
repor;1;ver
repostados;1;nr
repreensão;1;nom
represa;1;nom
represar;1;ver
representatividade;1;nom
reprovado;1;adj
reprovação;1;nom
repugnante;1;adj
repulsivo;1;adj
requentadas;1;nr
requintado;1;adj
resenhista;1;nr
resfriador;1;nr
residual;1;adj
resignado;1;adj
resiliência;1;nr
resistente;1;adj
resmungar;1;ver
resolvido;1;adj
respeitável;1;adj
respingar;1;ver
respiratório;1;adj
responsabilizar;1;ver
responsive;1;nr
resquício;1;nom
ressaca;1;nom
ressalva;1;nom
ressarcir;1;ver
ressurgente;1;nr
ressurgir;1;ver
ressurreição;1;nom
restante;1;adj
restituição;1;nom
resultante;1;adj
resíduo;1;nom
retaguarda;1;nom
retenção;1;nom
retidão;1;nom
reto;1;adj
retrato;1;nom
retroalimenta;1;nr
retrospectivo;1;nom
reunido;1;adj
reusa;1;nr
reuters;1;nr
revalorização;1;nom
revelação;1;nom
reverberar;1;ver
reversão;1;nom
revestido;1;adj
revigorar;1;ver
revisitar;1;ver
reviver;1;ver
revólver;1;nom
ribalta;1;nom
richard;1;nom
rifle;1;nom
right;1;nr
rights;1;nr
rima;1;nom
rincão;1;nom
rinha;1;nom
risco_país;1;nr
rise;1;nr
riso;1;nom
rivalidade;1;nom
rivalizar;1;ver
road;1;nr
robbins;1;nr
roberts;1;nr
robusto;1;adj
rocher;1;nr
rodeio;1;nom
rodolfo;1;nom
rogers;1;nr
rohingya;1;nr
rohter;1;nr
rojão;1;nom
roma;1;nom
romano;1;adj
romanov;1;nr
rombo;1;nom
romeu;1;nom
romney;1;nr
rompimento;1;nom
romântico;1;adj
romênia;1;nom
ronald;1;nom
rondar;1;ver
rosto;1;nom
rotatividade;1;nom
roteiro;1;nom
rotineiro;1;adj
roupagem;1;nom
royalties;1;nr
rs;1;nr
rsi;1;nr
rubem;1;nom
rublo;1;nom
rugido;1;nom
rugir;1;ver
rule;1;nr
rumsfeld;1;nr
russomanno;1;nr
rédea;1;nom
sabesp;1;nr
sabidamente;1;adv
sabine;1;nr
sacada;1;nom
sacodir;1;nr
sadio;1;adj
safar;1;ver
sal;1;nom
saliva;1;nom
salomon;1;nr
salto;1;nom
salutar;1;adj
salvaguardar;1;ver
salão;1;nom
sam;1;nr
sancho;1;nom
sangrento;1;adj
sanidade;1;nom
sanjay;1;nr
santana;1;nom
santiago;1;nom
sapo;1;nom
sarau;1;nom
sarrafo;1;nom
satisfação;1;nom
saudade;1;nom
saudar;1;ver
sbt;1;nr
schwartsman;1;nr
sciences;1;nr
script;1;nom
seara;1;nom
sec;1;nr
secar;1;ver
seccionar;1;ver
secretamente;1;adv
secretaria;1;nom
secretário_geral;1;nr
sectarismo;1;nom
secularização;1;nom
securities;1;nr
seda;1;nom
segmentar;1;ver
seguidamente;1;adv
seguridade;1;nom
sela;1;nom
seleção;1;nom
selfies;1;nr
selvagem;1;adj
semear;1;ver
semelhança;1;nom
semente;1;nom
semita;1;adj
sen;1;nr
sensacionalista;1;adj
sensibilidade;1;nom
sensível;1;adj
separatista;1;nom
sequestrador;1;nom
sequestrar;1;ver
sergeant;1;nr
seriado;1;nom
sermão;1;nom
setentão;1;nr
sexista;1;nr
sexo;1;nom
sexual;1;adj
shashi;1;nr
siberiano;1;adj
siddharth;1;nr
sikh;1;nr
silenciamento;1;nr
silencioso;1;adj
silva_leander;1;nr
silvar;1;ver
simbolicamente;1;adv
simetria;1;nom
similar;1;adj
simone;1;nom
simonovski;1;nr
simpatizante;1;nom
simplicidade;1;nom
simplificar;1;ver
simplificação;1;nom
simplista;1;adj
simular;1;ver
simultâneo;1;adj
sincericida;1;nr
sincericídio;1;nr
sindical;1;adj
singelo;1;adj
singh;1;nr
singular;1;adj
singularidade;1;nom
sinistro;1;adj
sintetizar;1;ver
sisi;1;nr
situamos;1;nr
situar;1;ver
sobrecarregar;1;ver
sobremodo;1;adv
sobreposto;1;adj
sobressaltado;1;adj
sobrevida;1;nom
sobrevivente;1;nom
sobrevivo;1;adj
social_democracia;1;nr
socio-político;1;adj
sociopata;1;nr
sociólogo;1;nom
socorro;1;nom
soderbergh;1;nr
sofia;1;nom
sofisticado;1;adj
sofisticação;1;nom
sofrível;1;adj
sofá;1;nom
sol_coreano;1;nr
solenidade;1;nom
solicitar;1;ver
solidão;1;nom
solitário;1;adj
solmucci;1;nr
solto;1;adj
solvência;1;nom
solícito;1;adj
sombrinha;1;nom
sonda;1;nom
sonegam;1;nr
soneto;1;nom
sonho;1;nom
soro;1;nom
sorteio;1;nom
sortudos;1;nr
sosa;1;nr
speck;1;nr
spencer;1;nom
spray;1;nom
sputnik;1;nom
sri;1;nom
staffan;1;nr
stanley;1;nom
stephen;1;nr
stern;1;nom
stimson;1;nr
stj;1;nr
store;1;nr
stream;1;nr
streaming;1;nr
strike;1;nr
suavidade;1;nom
suavização;1;nom
sub_reptícias;1;nr
subcontinente;1;nom
subestimação;1;nom
subfinanciada;1;nr
subitamente;1;adv
sublinhar;1;ver
subordinar;1;ver
subprefeitura;1;nom
subproduto;1;nom
subsecretário;1;nom
subserviência;1;nom
subsistência;1;nom
substancialmente;1;adv
substituição;1;nom
substituível;1;adj
substrato;1;nom
subúrbio;1;nom
sucedido;1;adj
sucintamente;1;adv
sucroalcooleiro;1;nr
sufoco;1;nom
sufrágio;1;nom
suharto;1;nr
suicidar;1;ver
suicídio;1;nom
sul_africano;1;nr
summers;1;nr
sun;1;nr
super;1;adj
super_representação;1;nr
superestimamos;1;nr
superestimação;1;nr
superexposição;1;nom
superfaturado;1;nr
superfaturamento;1;nom
superficialidade;1;nom
superficialmente;1;adv
superinteligência;1;nr
superlotação;1;nom
superministro;1;nr
supervisionar;1;ver
suposição;1;nom
suprapartidário;1;adj
supremocracia;1;nr
surfar;1;ver
surpreendido;1;adj
surreal;1;adj
suscitar;1;ver
suspeitar;1;ver
sutil;1;adj
suástica;1;nom
suíno;1;nom
sênior;1;nom
sóbrio;1;adj
sócio;1;nom
sócio_político;1;nr
sócio_presidente;1;nr
súdito;1;adj
tabelamento;1;nom
taiwan;1;nom
talão;1;nom
tangenciamentos;1;nr
tank;1;nr
tara;1;nom
tarifaços;1;nr
tartaruga;1;nom
taxatividade;1;nr
tayyip;1;nr
tce;1;nr
teatral;1;adj
teatrólogo;1;nom
tecer;1;ver
tecido;1;nom
tecla;1;nom
tecnicamente;1;adv
teimoso;1;adj
telecomunicação;1;nom
teleconferência;1;nom
telefonema;1;nom
telescópico;1;adj
televisionar;1;ver
telégrafo;1;nom
temerário;1;adj
temperança;1;nom
tempestade;1;nom
temática;1;nom
tendente;1;adj
tenebroso;1;adj
tentado;1;adj
tentador;1;adj
teorizar;1;ver
terceirizada;1;nr
terramoto;1;nom
terraplanismo;1;nr
terraplanistas;1;nr
terrestre;1;adj
testemunha;1;nom
texas;1;nom
theodor;1;nom
thiago;1;nom
thierry;1;nr
tichina;1;nr
tiempo;1;nr
tim;1;nom
timing;1;nom
tipicamente;1;adv
tiradentes;1;nom
tiragem;1;nom
titular;1;adj
to;1;nr
toada;1;nom
tocador;1;nom
tocantins;1;nom
todo_poderoso;1;nr
tolerado;1;adj
tolerância;1;nom
tombo;1;nom
tomsk;1;nr
tomás;1;nom
tonificar;1;ver
tony;1;nom
topar;1;ver
tornar_se_á;1;nr
toro;1;nom
torpedeamento;1;nom
torturador;1;adj
totalitarismo;1;nom
townhouse;1;nr
tracional;1;nr
traders;1;nr
trading;1;nr
traje;1;nom
trama;1;nom
tranquilamente;1;adv
transatlântico;1;adj
transação;1;nom
transbordamento;1;nom
transfigurar;1;ver
transformado;1;adj
transformação;1;nom
transitar;1;ver
transitório;1;adj
transmissão;1;nom
transnacional;1;adj
transplantar;1;ver
transpor;1;ver
transportado;1;adj
transportar;1;ver
trapacear;1;ver
trapaça;1;nom
tratativas;1;nr
traumatizar;1;ver
trava;1;nom
trem;1;nom
tribal;1;adj
tribuna;1;nom
trilha;1;nom
trilhar;1;ver
trincheira;1;nom
trio;1;nom
triplo;1;adj_num
triângulo;1;nom
troco;1;nom
trompista;1;nr
tronco;1;nom
tropeço;1;nom
tropicalismo;1;nom
trote;1;nom
trâmite;1;nom
trânsito;1;nom
trégua;1;nom
trópico;1;nom
tsé_tung;1;nr
tuberculose;1;nom
tubo;1;nom
tuitaram;1;nr
tumultuar;1;ver
tunísia;1;nom
turbulento;1;adj
turbulência;1;nom
turista;1;nom
turma;1;nom
tutela;1;nom
tutelar;1;adj
tuítes;1;nr
tvs;1;nr
tônico;1;adj
ucrânia;1;nom
ufanismo;1;nom
uigures;1;nr
ulisses;1;nom
ulrich;1;nr
ultranacionalista;1;nom
unanimemente;1;adv
unanimidade;1;nom
uneafro;1;nr
ungido;1;adj
unificado;1;adj
unificação;1;nom
uniforme;1;nom
universalista;1;adj
universalizam;1;nr
universalmente;1;adv
universitaria;1;nr
urdir;1;ver
urinol;1;nom
urso;1;nom
uruguai;1;nom
usual;1;adj
usufruirmos;1;nr
usuário;1;nom
utopia;1;nom
v;1;nom_sup
vacinal;1;adj
vacinamos;1;nr
vacinando;1;nr
valium;1;nr
van;1;nr
vantajoso;1;adj
varadarajan;1;nr
varejo;1;nom
varguista;1;nr
variado;1;adj
variação;1;nom
variáveis_chaves;1;nr
vaso;1;nom
vasto;1;adj
vaya;1;nr
vazamento;1;nom
vazar;1;ver
vebitsky;1;nr
vedado;1;adj
veemência;1;nom
veganos;1;nr
vegetarianismo;1;nr
veia;1;nom
veicular;1;ver
veiga;1;nom
vela;1;nom
velado;1;adj
velhíssimas;1;nr
venas;1;nr
venera_o;1;nr
venerado;1;adj
veneto;1;nr
venezuelano;1;adj
ventilado;1;adj
ventre;1;nom
veranópolis;1;nr
verbalização;1;nom
verbo;1;nom
verborragia;1;nom
verde_amarelas;1;nr
verde_amarelos;1;nr
vergonha;1;nom
vermelhoembelem;1;nr
verniz;1;nom
vertiginoso;1;adj
vestibular;1;nom
vestidão;1;nr
vestir;1;ver
viabilidade;1;nom
viagem;1;nom
viajante;1;nom
vice_liderança;1;nr
vice_presidente_executivo;1;nr
vice_presidência;1;nr
vice_versa;1;nr
vicejar;1;ver
viciado;1;adj
viciar;1;ver
vicioso;1;adj
victor;1;nom
vidar;1;ver
vigente;1;adj
vigiar;1;ver
vigilante;1;adj
vil;1;adj
vila;1;nom
villela;1;nr
vingar;1;ver
vinho;1;nom
vinil;1;nom
vinte;1;adj_num
violentar;1;ver
viral;1;adj
virgínia;1;nom
virtualmente;1;adv
virtuoso;1;adj
virulento;1;adj
vitimização;1;nr
vitor;1;nom
vitorioso;1;adj
vivamente;1;adv
vizcarra;1;nr
vizinham;1;nr
viário;1;adj
voar;1;ver
vocalizador;1;nr
vociferar;1;ver
voluntarismo;1;nom
volúvel;1;adj
voo;1;nom
vouchers;1;nr
vox;1;nr
vulnerabilidade;1;nom
vão;1;adj
vênias;1;nr
wagneriano;1;adj
wajngarten;1;nr
waldo;1;nom
watch;1;nr
waze;1;nr
wendy;1;nr
white;1;nom
whitman;1;nom
william;1;nom
winston;1;nr
wire;1;nr
wirth;1;nr
won;1;nr
wonderful;1;nr
woody;1;nr
xadrez;1;nom
xenofobia;1;nom
xeque;1;nom
xerife;1;nom
xi;1;ono
xingamento;1;nom
xviii;1;nr
xx;1;nr
xxi;1;nr
y;1;nom_sup
yahya;1;nr
yassin;1;nr
yelen;1;nr
yorker;1;nr
youtuber;1;nr
yun;1;nr
yves;1;nom
zap;1;nr
zelosamente;1;adv
zeloso;1;adj
zera;1;nr
zerou;1;nr
ziblatt;1;nr
zika;1;nr
zinir;1;ver
zoológico;1;adj
ácido;1;nom
ágil;1;adj
ágio;1;nom
álcool;1;nom
ápice;1;nom
áustria;1;nom
âncora;1;nom
ângulo;1;nom
íliada;1;nr
óscar;1;nr
ônibus;1;nom
útil;1;adj