116;1;num
13;1;num
132;1;num
14;1;num
15;1;num
1900;1;num
1901;1;num
1921;1;num
1930;1;num
1932;1;num
2012;1;num
2015;1;num
2021;1;num
22;1;num
230;1;num
24;1;num
253;1;num
274;1;num
30;1;num
300;1;num
38;1;num
4;1;num
40;1;num
49;1;num
500;1;num
51;1;num
52;1;num
53;1;num
58;1;num
59;1;num
600;1;num
64;1;num
70;1;num
78;1;num
8;1;num
85;1;num
98;1;num
abaixo;1;adv
abalado;1;adj
abalo;1;nom
abandono;1;nom
abrasel;1;nr
absolutamente;1;adv
acelerado;1;adj
acelerar;1;ver
acender;1;ver
acentuar;1;ver
acercar;1;ver_sup
acertar;1;ver
acessar;1;nr
acesso;1;nom
acidente;1;nom
acirrado;1;adj
acirrar;1;ver
acompanhar;1;ver
acostumado;1;adj
acusação;1;nom
adepto;1;nom
adequado;1;adj
adequar;1;ver
adesão;1;nom
adicional;1;adj
administração;1;nom
adorar;1;ver
adotado;1;adj
adverso;1;adj
advertir;1;ver
advertência;1;nom
afamado;1;adj
afinidade;1;nom
afundar;1;ver
agir;1;ver
agradar;1;ver
agravante;1;nom
agredir;1;ver
agregar;1;ver
agressividade;1;nom
agressivo;1;adj
agressão;1;nom
agrupamento;1;nom
agulha;1;nom
ajph;1;nr
ajustar;1;ver
alarmante;1;adj
alastrar;1;ver
alckmin;1;nom
aleatório;1;adj
aleksandr;1;nr
alemão_americano;1;nr
alexandre;1;nom
alguém;1;pro_ind
aliança;1;nom
alimentar;1;ver
almoço;1;nom
altar;1;nom
amaldiçoar;1;ver
amalgamar;1;ver
amarrar;1;ver
amazônico;1;adj
ambiental;1;adj
ambiente;1;nom
ambição;1;nom
ambíguo;1;adj
ameaçador;1;adj
americans;1;nr
amistoso;1;adj
amoêdo;1;nr
ampliar;1;ver
ampliação;1;nom
amplo;1;adj
analisar;1;ver
anatomia;1;nom
ancorar;1;ver
andrzej;1;nr
angariar;1;ver
angelo;1;nr
angola;1;nom
animosidade;1;nom
annika;1;nr
ansiar;1;ver
antagonista;1;nom
antecessor;1;nom
antecipado;1;adj
antecipar;1;ver
anti_elitistas;1;nr
anti_governamentais;1;nr
anti_putin;1;nr
anti_semitas;1;nr
antipluralismo;1;nr
antipolíticas;1;nr
antivacina;1;nr
antivacinas;1;nr
antivacinação;1;nr
antivaxxers;1;nr
anulação;1;nom
anunciar;1;ver
análise;1;nom
aonde;1;pro_ind
apalaches;1;nr
aparelhamento;1;nom
aparente;1;adj
apavorar;1;ver
apelar;1;ver
aperfeiçoamento;1;nom
aperto;1;nom
aplicado;1;adj
apresentado;1;adj
aprimorar;1;ver
aprofundador;1;nr
aprofundar;1;ver
apropriação;1;nom
aprovação;1;nom
aproximar;1;ver
apuro;1;nom
aquilo;1;pre
ar;1;nom
arbitragem;1;nom
arbitrariamente;1;adv
arbítrio;1;nom
areia;1;nom
arena;1;nom
arendt;1;nr
argumentar;1;ver
armada;1;nom
armado;1;adj
arrecadação;1;nom
articular;1;ver
artificialmente;1;adv
artéria;1;nom
ascender;1;ver
asfixia;1;nom
assegurar;1;ver
assembleia;1;nom
assemelhar;1;ver
assinar;1;ver
assistência;1;nom
assombrar;1;ver
atacante;1;nom
atar;1;ver
atingir;1;ver
atirador;1;nom
ativista;1;adj
ator;1;nom
atraente;1;adj
atrapalhar;1;ver
atrasado;1;adj
através;1;adv
atrás;1;adv
attuch;1;nr
atuação;1;nom
atávico;1;adj
ausência;1;nom
autocompreensão;1;nr
autocracia;1;nom
autocrático;1;adj
autonomia;1;nom
autossuficiência;1;nr
autêntico;1;adj
auxiliar;1;ver
avançar;1;ver
aventura;1;nom
azedava;1;nr
azeitou;1;nr
baixeza;1;nom
bala;1;nom
bancada;1;nom
bandeira;1;nom
banho;1;nom
bar;1;nom
barranco;1;nom
barrar;1;ver
bater;1;ver
bbb;1;nr
beirar;1;ver
bem_estar;1;nr
bem_vindos;1;nr
benesse;1;nom
benfazejo;1;adj
benigno;1;adj
benjamim;1;nom
berlusconi;1;nom
bioma;1;nom
bloco;1;nom
bloquear;1;ver
bobo;1;adj
boca;1;nom
boi;1;nom
bolso;1;nom
bolsonariano;1;nr
bolsonarista;1;nr
bolívia;1;nom
borda;1;nom
botar;1;ver
botânico;1;nom
brincadeira;1;nom
britânico;1;adj
bronco;1;nom
brutal;1;adj
bucci;1;nr
bukele;1;nr
buraco;1;nom
báltico;1;adj
bíblia;1;nom
bôas;1;nr
cabal;1;adj
cabelo;1;nom
cadeia;1;nom
caderno;1;nom
caitlin;1;nr
caixa;1;nom
caixa_branca;1;nr
calar;1;ver
caldeirão;1;nom
camargo;1;nom
cameral;1;nr
candidatar;1;ver
candidatura;1;nom
caneta;1;nom
capacidade;1;nom
capaz;1;adj
capitalista;1;adj
capítulo;1;nom
cara;1;nom
carismático;1;adj
carregador;1;nom
carro;1;nom
carta;1;nom
casar;1;ver
cascar;1;ver
cascata;1;nom
castração;1;nom
categoria;1;nom
catástrofe;1;nom
cautelar;1;adj
cauteloso;1;adj
caçador;1;nom
cem;1;adj_num
centralizado;1;adj
cepa;1;nom
cerimônia;1;nom
certificação;1;nom
charles;1;nom
chateado;1;adj
chave;1;nom
chefe;1;nom
chegada;1;nom
cheio;1;adj
chocado;1;adj
choque;1;nom
chão;1;nom
cibernético;1;adj
ciente;1;adj
cigano;1;adj
circular;1;ver
circunscrever;1;ver
citar;1;ver
classe;1;nom
claudicava;1;nr
climático;1;adj
cloroquina;1;nr
cobra;1;nom
cobrar;1;ver
coelho;1;nom
coibir;1;ver
coincidência;1;nom
colaborador;1;nom
colher;1;ver
colonização;1;nom
colorado;1;nom
comandar;1;ver
comando;1;nom
combinar;1;ver
comentário;1;nom
comer;1;ver
comercial;1;adj
começo;1;nom
comigo;1;pro_ind
comissário;1;nom
compensar;1;ver
competição;1;nom
complacente;1;adj
complemento;1;nom
completamente;1;adv
componente;1;nom
comportado;1;adj
compreender;1;ver
compreensão;1;nom
comprometer;1;ver
comprometido;1;adj
comprometimento;1;nom
comprovação;1;nom
comum;1;adj
comunidade;1;nom
comunista;1;adj
comunitário;1;adj
conceitual;1;adj
concentrar;1;ver
concordar;1;ver
concretamente;1;adv
condenação;1;nom
condução;1;nom
confiar;1;ver
configuração;1;nom
confiável;1;adj
conformar;1;ver
conforme;1;conj
confusão;1;nom
congelamento;1;nom
conhecimento;1;nom
conjunto;1;nom
conotação;1;nom
conquistar;1;ver
consciente;1;adj
consciência;1;nom
consecutivo;1;adj
consed;1;nr
conselheiro;1;nom
conselho;1;nom
consequente;1;adj
consequentemente;1;adv
conservadorismo;1;nom
considerável;1;adj
consigo;1;pro_ind
consistir;1;ver
conspiracionismo;1;nr
constantemente;1;adv
constatar;1;ver
constatação;1;nom
constrangedor;1;adj
constrangido;1;adj
construção;1;nom
consumidor;1;nom
consumir;1;ver
conta;1;nom
conto;1;nom
contorno;1;nom
contraditoriamente;1;adv
contradição;1;nom
contramão;1;nom
contrariar;1;ver
contribuinte;1;nom
contribuição;1;nom
controverso;1;adj
contundente;1;adj
contábil;1;adj
conveniência;1;nom
convivência;1;nom
convocar;1;ver
cooptação;1;nom
coordenador;1;nom
coquetel;1;nom
cor;1;nom
coragem;1;nom
corda;1;nom
coro;1;nom
corporal;1;adj
corporativismo;1;nom
corporação;1;nom
correto;1;adj
corrigir;1;ver
corroer;1;ver
corrupto;1;adj
cortejar;1;ver
cotar;1;ver
cotação;1;nom
cozinha;1;nom
cpi;1;nr
criatividade;1;nom
crueldade;1;nom
crédulo;1;adj
crítico;1;nom
crível;1;adj
culminação;1;nom
curioso;1;adj
curitiba;1;nom
cínico;1;adj
daniel;1;nom
danoso;1;adj
david;1;nom
decente;1;adj
decepção;1;nom
decerto;1;adv
decisivo;1;adj
decisório;1;adj
declarar;1;ver
decorrente;1;adj
decretar;1;ver
decreto;1;nom
decência;1;nom
defesa;1;nom
deformar;1;ver
degradação;1;nom
deletério;1;adj
delfim;1;nom
deliberado;1;adj
deliberar;1;ver
delícia;1;nom
demagogia;1;nom
demarcação;1;nom
democrata;1;nom
democraticamente;1;adv
demonstração;1;nom
denominar;1;ver
denunciar;1;ver
departamento;1;nom
dependente;1;adj
depender;1;ver
depreciação;1;nom
derivado;1;adj
derramamento;1;nom
derrapagem;1;nom
derrubar;1;ver
desabonador;1;adj
desacreditar;1;ver
desafiador;1;adj
desafiar;1;ver
desafio;1;nom
desalento;1;nom
desaparecer;1;ver
desarranjo;1;nom
desastre;1;nom
desastroso;1;adj
descalibrado;1;nr
descambar;1;ver
descartável;1;adj
descaso;1;nom
descobrir;1;ver
desconfiar;1;ver
desconhecer;1;ver
descontentamento;1;nom
descontente;1;adj
descontrolado;1;adj
descrever;1;ver
desculpa;1;nom
desdobrar;1;ver
desempenhar;1;ver
desempenho;1;nom
desempregado;1;adj
desemprego;1;nom
desencadear;1;ver
desencorajar;1;ver
desenhar;1;ver
desenho;1;nom
desenvolver;1;ver
desestruturar;1;nr
desfigurado;1;adj
desgaste;1;nom
desidratado;1;adj
desidratou;1;nr
designar;1;ver
desinstitucionalização;1;nr
desinteresse;1;nom
desmoronar;1;ver
desorganizador;1;adj
despachar;1;ver
desperdício;1;nom
despoluição;1;nom
desprover;1;ver
desrespeito;1;nom
desventura;1;nom
desvirtuar;1;ver
deteriorar;1;ver
deterioração;1;nom
determinar;1;ver
detestar;1;ver
deus;1;nom
devido;1;adj
dez;1;adj_num
dezena;1;nom
diabo;1;nom
dificultar;1;ver
diligente;1;adj
dinheiro;1;nom
dinâmico;1;adj
discrepar;1;ver
discriminatório;1;adj
discussão;1;nom
disfarçar;1;ver
disfuncional;1;adj
disponível;1;adj
disputar;1;ver
disruptivas;1;nr
dissolver;1;ver
distanciar;1;ver
distinto;1;adj
distorção;1;nom
distribuir;1;ver
distúrbio;1;nom
ditadura;1;nom
divino;1;adj
divulgação;1;nom
doação;1;nom
dobrar;1;ver
docemente;1;adv
doença;1;nom
domingo;1;nom
dominique;1;nom
doria;1;nom
dose;1;nom
dotar;1;ver
doutrina;1;nom
draghi;1;nr
duce;1;nr
duda;1;nom
dugin;1;nr
duro;1;adj
duterte;1;nr
dívida;1;nom
dúzia;1;nom
eclético;1;adj
eco;1;nom
economist;1;nr
economista_chefe;1;nr
editar;1;ver
editor;1;nom
editorial;1;adj
efetuar;1;ver
eficiente;1;adj
eis;1;adv
eixo;1;nom
el;1;nr
eleitorado;1;nom
elevar;1;ver
eliminar;1;ver
elitismo;1;nom
elogiar;1;ver
eloy;1;nom
elétrico;1;adj
embebido;1;adj
emergir;1;ver
emergência;1;nom
emitir;1;ver
emmanuel;1;nom
emocionalmente;1;adv
empenhador;1;nr
empoderamento;1;nr
empresariado;1;nom
empresarial;1;adj
encarnar;1;ver
encarnação;1;nom
endividar;1;ver
endossar;1;ver
enfrentamento;1;nom
enfático;1;adj
engenharia;1;nom
enorme;1;adj
enricar;1;ver
entranha;1;nom
entrar;1;ver
entravar;1;ver
entrevistado;1;nom
entrevistar;1;ver
entristecer;1;ver
entusiasmado;1;adj
episódio;1;nom
epítome;1;nom
equilíbrio;1;nom
erdogan;1;nr
errado;1;adj
errar;1;ver
escancarar;1;ver
escandaloso;1;adj
esclarecido;1;adj
escudo;1;nom
escuridão;1;nom
esforçar;1;ver
esforço;1;nom
esgotar;1;ver
esmagador;1;adj
espada;1;nom
espanha;1;nom
especial;1;adj
especializado;1;adj
especializar;1;ver
especulação;1;nom
esperado;1;adj
espiritismo;1;nom
esquecer;1;ver
essencial;1;adj
estabelecer;1;ver
estadual;1;adj
estagnação;1;nom
estatistas;1;nr
estatuto;1;nom
estatística;1;nom
esteira;1;nom
estelionato;1;nom
estender;1;ver
estereótipo;1;nom
estopim;1;nom
estranho;1;adj
estrela;1;nom
estridência;1;nom
estruturado;1;adj
estudioso;1;nom
estudo;1;nom
estático;1;adj
etanol;1;nom
etc;1;nr
eterno;1;adj
etiópia;1;nom
etnia;1;nom
etnógrafo;1;nom
etéreo;1;adj
eugênio;1;nom
eurocéticos;1;nr
europas;1;nr
evidentemente;1;adv
evidência;1;nom
ex_embaixadora;1;nr
ex_estrategista;1;nr
ex_premiê;1;nr
ex_primeiro_ministro;1;nr
ex_radialista;1;nr
exagero;1;nom
exatamente;1;adv
exaurido;1;adj
excessivo;1;adj
excesso;1;nom
exclusão;1;nom
executar;1;ver
execução;1;nom
exigência;1;nom
expansionista;1;adj
experimento;1;nom
explicitamente;1;adv
explicitar;1;ver
explodir;1;ver
explosão;1;nom
explícito;1;adj
exportador;1;nom
exportação;1;nom
expressivo;1;adj
externalidade;1;nr
extrair;1;ver
extravagante;1;adj
extrema_direita;1;nr
fabril;1;adj
face;1;nom
facilidade;1;nom
farto;1;adj
fascita;1;nr
fatiamento;1;nr
favor;1;nom
favorecer;1;ver
fechamento;1;nom
feliz;1;adj
feminilidade;1;nom
ferida;1;nom
fernandes;1;nom
fernando;1;nom
ferramenta;1;nom
fev;1;nr
fevereiro;1;nom
fgv;1;nr
figuração;1;nom
fila;1;nom
filho;1;nom
filipino;1;nom
financiador;1;nom
financiamento;1;nom
fingir;1;ver
fiocruz;1;nr
firbida;1;nr
firme;1;adj
fiscalista;1;nom
fiscalmente;1;adv
fissura;1;nom
flertar;1;ver
florescer;1;ver
floresta;1;nom
fobia;1;nom
foco;1;nom
fogueira;1;nom
folclore;1;nom
fonte;1;nom
formatada;1;nr
formulador;1;nom
forno;1;nom
fortemente;1;adv
fortuna;1;nom
fracassar;1;ver
fragilidade;1;nom
francisco;1;nom
francês;1;adj
franger;1;ver
françois;1;nom
fraude;1;nom
fraudulento;1;adj
fração;1;nom
frear;1;ver
freedom;1;nr
frequência;1;nom
frisar;1;ver
frustrado;1;adj
frustração;1;nom
fuga;1;nom
fugir;1;ver
fujimori;1;nom
funcional;1;adj
fundação;1;nom
função;1;nom
fé;1;nom
fórum;1;nom
fúria;1;nom
g;1;nom_sup
gabinete;1;nom
gargalo;1;nom
gasolina;1;nom
gatilho;1;nom
gazprom;1;nr
geert;1;nr
genial;1;adj
gentile;1;nr
geográfico;1;adj
geopolítico;1;adj
geracional;1;adj
gerador;1;nom
geraldo;1;nom
getúlio;1;nom
geórgia;1;nom
gigantesco;1;adj
giorgia;1;nr
giovanni;1;nom
gol;1;nom
goleiro;1;nom
golpe;1;nom
golpista;1;nom
gomes;1;nom
gonçalves;1;nom
gosto;1;nom
gotemburgo;1;nr
gove;1;nr
gozar;1;ver
grafar;1;ver
grau;1;nom
gravemente;1;adv
gripezinha;1;nr
gritar;1;ver
guarir;1;ver
guiar;1;ver
guru;1;nom
gâmbia;1;nom
gênero;1;nom
habitante;1;nom
habitual;1;adj
hacking;1;nr
haddad;1;nom
hannah;1;nr
hawley;1;nr
herança;1;nom
herói;1;nom
hesitar;1;ver
hidroxicloroquina;1;nr
hierarquia;1;nom
historiador;1;nom
hofstadter;1;nr
holandês;1;adj
hollande;1;nr
homem;1;nom
homogêneo;1;adj
honrado;1;adj
horror;1;nom
hospital;1;nom
hospitalizar;1;ver
hostil;1;adj
house;1;nr
hugo;1;nom
humanitário;1;adj
iabloko;1;nr
idea;1;nom
ideal;1;adj
identidade;1;nom
identificação;1;nom
idiossincrasia;1;nom
ignorante;1;adj
ignorar;1;ver
igreja;1;nom
ii;1;nr
ilegítimo;1;adj
ilusionista;1;nom
imaginário;1;adj
imediatismo;1;nom
imigrante;1;nom
imigração;1;nom
iminente;1;adj
impensável;1;adj
implicar;1;ver
impopular;1;adj
impressionismo;1;nom
impresso;1;adj
impune;1;adj
impunidade;1;nom
imunizar;1;ver
inacreditável;1;adj
inclinado;1;adj
inclinar;1;ver
inclinaram_nas;1;nr
incluído;1;adj
incomodar;1;ver
incompetência;1;nom
incompleto;1;adj
inconstante;1;adj
incorreto;1;adj
incrustado;1;adj
incrível;1;adj
incumbente;1;nr
indevido;1;adj
indicador;1;nom
indisciplina;1;nom
indiscriminado;1;adj
indivíduo;1;nom
indígena;1;adj
indústria;1;nom
inequívoco;1;adj
inestimável;1;adj
inexperiência;1;nom
infelizmente;1;adv
inflacionário;1;adj
influxo;1;nom
informal;1;adj
informalidade;1;nom
informação;1;nom
infra-estrutura;1;nom
ingenuidade;1;nom
inglês;1;adj
ingressar;1;ver
inibir;1;ver
inicial;1;adj
iniciar;1;ver
inocentar;1;ver
inocente;1;adj
inocular;1;ver
inofensivo;1;adj
inscrever;1;ver
inserção;1;nom
insistir;1;ver
insistência;1;nom
inspirador;1;adj
inspirar;1;ver
instalar;1;ver
instaurar;1;ver
instinto;1;nom
institucionalidade;1;nr
instituir;1;ver
institut;1;nr
instância;1;nom
insuficiente;1;adj
insurreição;1;nom
integrante;1;nom
integrar;1;ver
inteligência;1;nom
intensificação;1;nom
intenção;1;nom
interagir;1;ver
interditar;1;ver
interessar;1;ver
interferência;1;nom
internacionalizar;1;ver
international;1;nr
interno;1;adj
intervencionista;1;adj
intervir;1;ver
intimidar;1;ver
intuitivo;1;adj
intuito;1;nom
inusitado;1;adj
invadir;1;ver
invariavelmente;1;adv
investigado;1;adj
inviabilizar;1;ver
invés;1;nom
inédito;1;adj
inépcia;1;nom
início;1;nom
inúmero;1;adj
ira;1;nom
ironia;1;nom
ironicamente;1;adv
irrealidade;1;nom
isabel;1;nom
isentar;1;ver
israel;1;nom
itaipu;1;nom
item;1;nom
iv;1;nr
j;1;nom_sup
jaca;1;nom
janeiro;1;nom
janis;1;nom
japão;1;nom
jaqueira;1;nom
jardim;1;nom
jato;1;nom
jeito;1;nom
jihadista;1;nr
jocelyn;1;nr
john;1;nom
jornalista;1;nom
josh;1;nr
journal;1;nr
jovialidade;1;nom
joão;1;nom
jr;1;nr
julgamento;1;nom
junho;1;nom
juridicamente;1;adv
jurisprudência;1;nom
kansas;1;nom
keiko;1;nr
kennedy;1;nom
kesterbaum;1;nr
kharis;1;nr
km;1;nr
koike;1;nr
kremlin;1;nom
laboratório;1;nom
laivo;1;nom
lanterna;1;nom
lava;1;nom
lava_jatismo;1;nr
legado;1;nom
legislador;1;nom
legitimar;1;ver
legítimo;1;adj
leiloamos;1;nr
lenha;1;nom
letta;1;nr
libertinagem;1;nom
licença;1;nom
light;1;nr
limbo;1;nom
limpar;1;ver
lindberg;1;nr
ling;1;nr
linguagem;1;nom
linha;1;nom
live;1;nr
livrar;1;ver
localizar;1;ver
lockdown;1;nr
loja;1;nom
longo_prazo;1;nr
louro;1;nom
lulismo;1;nr
lulopetismo;1;nr
lulopetista;1;nr
luna;1;nr
luta;1;nom
lutar;1;ver
luva;1;nom
luxo;1;nom
língua;1;nom
lópez;1;nom
m;1;nom_sup
machado;1;nom
macron;1;nr
magia;1;nom
magistrado;1;nom
magistratura;1;nom
maia;1;nom
maio;1;nom
mamar;1;ver
manancial;1;nom
manchete;1;nom
mandar;1;ver
mandatário;1;nom
mando;1;nom
manipulação;1;nom
manto;1;nom
manutenção;1;nom
mao;1;nr
mar;1;nom
marca;1;nom
margem;1;nom
marine;1;nom
marionete;1;nom
martínez;1;nr
março;1;nom
maré;1;nom
masculinidade;1;nom
matar;1;ver
matemático;1;nom
materialismo;1;nom
materializar;1;ver
matriz;1;nom
mccartney;1;nr
mcconnell;1;nr
meado;1;nom
mediante;1;pre
medicamentar;1;ver
medir;1;ver
megainvestidor;1;nr
meia;1;nom
meier;1;nr
meloni;1;nr
mencionar;1;ver
mentalidade;1;nom
mentir;1;ver
mentiroso;1;nom
menção;1;nom
meramente;1;adv
merecer;1;ver
merecidamente;1;adv
mergulho;1;nom
mesa;1;nom
mexer;1;ver
microbiologista;1;nom
milhar;1;nom
militante;1;nom
militarização;1;nom
militância;1;nom
mim;1;pro_per
mina;1;nom
minha;1;pro_pos
ministério;1;nom
minoria;1;nom
mira;1;nom
miranda;1;nom
mirar;1;ver
misoginia;1;nr
missouri;1;nom
missão;1;nom
misturar;1;ver
miséria;1;nom
mitch;1;nr
mito;1;nom
mitologia;1;nom
mobilização;1;nom
modelo;1;nom
moderar;1;ver
modi;1;nr
modificar;1;ver
modus;1;nr
momentâneo;1;adj
monet;1;nom
montaigne;1;nom
montar;1;ver
monte;1;nom
moraes;1;nom
morales;1;nom
morto;1;adj
mote;1;nom
movediço;1;adj
moïsi;1;nr
mpf;1;nr
multilateralismo;1;nr
município;1;nom
munição;1;nom
mussolini;1;nom
márcio;1;nom
máscara;1;nom
médio;1;adj
método;1;nom
mínimo;1;adj
narrador;1;nom
narrativo;1;nom
nayib;1;nr
nefasto;1;adj
negacionismo;1;nr
negociável;1;adj
neo_evangélicas;1;nr
neoliberal;1;adj
netto;1;nr
neutralizar;1;ver
noite;1;nom
nomear;1;ver
nonsense;1;nr
nord;1;nr
normal;1;adj
normalizar;1;ver
normalmente;1;adv
norte_americana;1;nr
nota;1;nom
notabilizar;1;ver
notadamente;1;adv
notável;1;adj
novamente;1;adv
novela;1;nom
nuançar;1;ver
níger;1;nr
nítido;1;adj
objeto;1;nom
obscurecer;1;ver
observação;1;nom
obter;1;ver
ocidental;1;adj
ocidente;1;nom
ocioso;1;adj
ocultismo;1;nom
oculto;1;adj
ocupante;1;nom
ofender;1;ver
oferta;1;nom
omissão;1;nom
oms;1;nr
operandi;1;nr
operar;1;ver
oportunismo;1;nom
oposicionista;1;adj
opressor;1;adj
orban;1;nr
orientação;1;nom
originar;1;ver
oriundo;1;adj
osmar;1;nom
ostensivo;1;adj
ouvido;1;nom
ouvir;1;ver
oxigênio;1;nom
paciência;1;nom
pacífico;1;adj
padrão;1;nom
pagar;1;ver
palestra;1;nom
paolo;1;nom
par;1;nom
paradoxalmente;1;adv
paralisante;1;adj
paralisação;1;nom
paranoia;1;nr
paraquedas;1;nr
parceiro;1;nom
parcial;1;adj
parecido;1;adj
parler;1;nr
participante;1;nom
partidário;1;nom
parâmetro;1;nom
pato;1;nom
patrocinar;1;ver
paula;1;nom
pazuello;1;nr
pdsb_sp;1;nr
pedagogia;1;nom
pedra;1;nom
pedófilo;1;nom
pena;1;nom
penado;1;adj
pendente;1;adj
pensador;1;nom
pensamento;1;nom
perdoar;1;ver
perfeito;1;adj
perguntar;1;ver
permanecer;1;ver
permissão;1;nom
perseguição;1;nom
personalidade;1;nom
pertencer;1;ver
pertencimento;1;nom
peru;1;nom
peso;1;nom
picasso;1;nom
pinheiro;1;nom
pissarro;1;nr
planejamento;1;nom
planta;1;nom
plataforma;1;nom
plenamente;1;adv
pleno;1;adj
po;1;nr
polarizador;1;adj
policial;1;adj
policromático;1;nr
politização;1;nom
polo;1;nom
populisprudência;1;nr
posse;1;nom
possivelmente;1;adv
posteriormente;1;adv
posto;1;nom
postos_chave;1;nr
postulação;1;nom
potencial;1;nom
poupado;1;adj
pp_al;1;nr
praia;1;nom
praveer;1;nr
preceder;1;ver
precondição;1;nom
preconizar;1;ver
precursor;1;nom
predefinir;1;ver
prefeito;1;nom
preferir;1;ver
pregador;1;nom
pregão;1;nom
prejudicar;1;ver
premissa;1;nom
prensa;1;nom
prenunciar;1;ver
preocupante;1;adj
prescrever;1;ver
presente;1;nom
presença;1;nom
preservar;1;ver
presidencial;1;adj
presidencialismo;1;nom
presságio;1;nom
prestigiar;1;ver
prestígio;1;nom
presumir;1;ver
pretenso;1;adj
prever;1;ver
previsão;1;nom
primar;1;ver
primeiro_ministro;1;nr
primitivo;1;adj
prioridade;1;nom
prioritário;1;adj
prisioneiro;1;nom
privado;1;adj
pro;1;pre
probabilidade;1;nom
produtivo;1;adj
produção;1;nom
proferido;1;adj
profundo;1;adj
programar;1;ver
progressismo;1;nr
progresso;1;nom
proibitivamente;1;nr
projétil;1;adj
prolongar;1;ver
promoção;1;nom
propaganda;1;nom
proporcional;1;adj
prorrogação;1;nom
prosperity;1;nr
protestar;1;ver
prova;1;nom
provocação;1;nom
prêmio;1;nom
pró_vacina;1;nr
psl_rj;1;nr
publicamente;1;adv
pulmão;1;nom
punir;1;ver
punitivista;1;nr
puramente;1;adv
páreo;1;nom
pânico;1;nom
pós_fascista;1;nr
pôr;1;ver
quadro;1;nom
qualificar;1;ver
quantidade;1;nom
quarta_feira;1;nr
quartel;1;nom
quatro;1;adj_num
questo;1;nr
quinto;1;adj_num
quênia;1;nom
químico;1;adj
r;1;nom_sup
rachadura;1;nom
radicalismo;1;nom
radicalização;1;nom
ranjan;1;nr
ranking;1;nom
rapidamente;1;adv
raro;1;adj
rasgar;1;ver
raso;1;adj
raça;1;nom
reacionário;1;adj
reafirmação;1;nom
realmente;1;adv
rebelar;1;ver
recado;1;nom
recarga;1;nom
recep;1;nr
reconduzia;1;nr
recorrer;1;ver
recuar;1;ver
recuo;1;nom
recusar;1;ver
reduzido;1;adj
reeditar;1;ver
reeleger;1;ver
reeleitoreiro;1;nr
referência;1;nom
refletir;1;ver
reflexo;1;nom
refundar;1;ver
rega;1;nom
regeneração;1;nom
região;1;nom
regressivo;1;adj
regressão;1;nom
regulação;1;nom
reinventar;1;ver
reiterar;1;ver
reitor;1;nom
relativamente;1;adv
relato;1;nom
relatório;1;nom
religiosidade;1;nom
remeter;1;ver
rendimento;1;nom
renomear;1;nr
renovado;1;adj
renovar;1;ver
renzio;1;nr
renúncia;1;nom
repasse;1;nom
repente;1;nom
repercussão;1;nom
repercutir;1;ver
reportagem;1;nom
representativo;1;adj
repudiar;1;ver
repulsivo;1;adj
repórter;1;nom
resenha;1;nom
resgatar;1;ver
resgate;1;nom
residual;1;adj
residência;1;nom
resiliência;1;nr
resistir;1;ver
resolver;1;ver
respectivamente;1;adv
respeitado;1;adj
respeitar;1;ver
respirador;1;adj
responder;1;ver
ressurgente;1;nr
ressurreição;1;nom
restabelecer;1;ver
restaurante;1;nom
restituição;1;nom
restritivo;1;adj
restrito;1;adj
resumir;1;ver
resumo;1;nom
retomar;1;ver
retratar;1;ver
retrato;1;nom
retórico;1;adj
reunião;1;nom
revelação;1;nom
ribalta;1;nom
richard;1;nom
rigoroso;1;adj
rio;1;nom
risco_lula;1;nr
rodrigo;1;nom
rosto;1;nom
roubar;1;ver
rsi;1;nr
rumo;1;nom
rádio;1;nom
s;1;nom_sup
sabotar;1;ver
sacada;1;nom
sacrificar;1;ver
salvar;1;ver
salário;1;nom
samuel;1;nom
saneamento;1;nom
sangue;1;nom
sanitário;1;adj
satisfazer;1;ver
sciences;1;nr
script;1;nom
secretário;1;nom
secularização;1;nom
sede;1;nom
seguido;1;adj
seis;1;adj_num
semear;1;ver
semestre;1;nom
senso;1;nom
sentimento;1;nom
sequestrar;1;ver
sergio;1;nom
seringa;1;nom
servir;1;ver
setembro;1;nom
sexta_feira;1;nr
sexto;1;adj_num
seychelles;1;nr
significativo;1;adj
sikorski;1;nr
silveira;1;nom
silvio;1;nom
silêncio;1;nom
simetria;1;nom
simplicidade;1;nom
singular;1;adj
sintetizar;1;ver
sistemático;1;adj
soar;1;ver
soberania;1;nom
sobrenome;1;nom
socio-político;1;adj
sol;1;nom
solitário;1;adj
solmucci;1;nr
solo;1;nom
som;1;nom
sombra;1;nom
sombrio;1;adj
somente;1;adv_sup
sousa;1;nom
staffan;1;nr
stanford;1;nom
stream;1;nr
subjacente;1;adj
sublinhar;1;ver
suborno;1;nom
subsidiar;1;ver
substancial;1;adj
substituir;1;ver
subsídio;1;nom
subterrâneo;1;adj
sucintamente;1;adv
sucroalcooleiro;1;nr
suficientemente;1;adv
sujeito;1;nom
super_representação;1;nr
superexposição;1;nom
supermercado;1;nom
suprapartidário;1;adj
supremocracia;1;nr
supressão;1;nom
surpresa;1;nom
suspensão;1;nom
sustentar;1;ver
sutil;1;adj
suécia;1;nom
sério;1;adj
sênior;1;nom
sócio_fundador;1;nr
sólido;1;adj
súbito;1;adj
tamanho;1;adj
tanks;1;nr
tayyip;1;nr
tecnológico;1;adj
teia;1;nom
tela;1;nom
telescópico;1;adj
tema;1;nom
templeman;1;nr
temática;1;nom
tentado;1;adj
terça_feira;1;nr
tese;1;nom
teste;1;nom
the;1;nr
thiago;1;nom
thierry;1;nr
think;1;nr
time;1;nom
timing;1;nom
toada;1;nom
tocar;1;ver
tolo;1;adj
tomar;1;ver
tomás;1;nom
torcer;1;ver
torre;1;nom
totalitário;1;adj
trabalhador;1;adj
trabalhar;1;ver_sup
trabalho;1;nom_sup
traders;1;nr
traje;1;nom
tramitação;1;nom
tranco;1;nom
tranquilo;1;adj
transcendental;1;adj
transferir;1;ver
transferência;1;nom
transfigurar;1;ver
transformar;1;ver
transformação;1;nom
transitar;1;ver
tratado;1;nom
travar;1;ver
tribal;1;adj
tributário;1;adj
trilhão;1;adj_num
trio;1;nom
triplo;1;adj_num
triste;1;adj
trivial;1;adj
troca;1;nom
trocar;1;ver
trompista;1;nr
trágico;1;adj
tsé_tung;1;nr
tutela;1;nom
tutelar;1;adj
tuíte;1;nr
tv;1;nr
ufanismo;1;nom
ufba;1;nr
ultranacionalista;1;nom
ultrapassar;1;ver
ungido;1;adj
unicamp;1;nr
unidade;1;nom
uniforme;1;nom
urgente;1;adj
urgência;1;nom
urna;1;nom
uscifrão;1;nr
usual;1;adj
utilizar;1;ver
v_dem;1;nr
vacinamos;1;nr
vacinar;1;ver
vantagem;1;nom
vara;1;nom
vargas;1;nom
variante;1;nom
variedade;1;nom
vaya;1;nr
veia;1;nom
velhice;1;nom
velho;1;adj
venerado;1;adj
verba;1;nom
verificar;1;ver
vestir;1;ver
vetar;1;ver
viabilizar;1;ver
vice_liderança;1;nr
victor;1;nom
vidar;1;ver
vigor;1;nom
villas;1;nr
vincular;1;ver
vinho;1;nom
violação;1;nom
violento;1;adj
virado;1;nom
virtualmente;1;adv
virtude;1;nom
virtuoso;1;adj
visar;1;ver
visível;1;adj
vitor;1;nom
vizinho;1;adj
viário;1;adj
viável;1;adj
viés;1;nom
vocalizador;1;nr
voluntarismo;1;nom
volúvel;1;adj
votação;1;nom
vox;1;nr
vítima;1;nom
winston;1;nr
xingamento;1;nom
xp;1;nr
xx;1;nr
xxi;1;nr
yuriko;1;nr
zeina;1;nr
zerar;1;nr
zoológico;1;adj
ágio;1;nom
ícone;1;nom
índio;1;nom
óbito;1;nom