"";"X.jor_01";"X.jor_02"
"prazo";1,1335;-1,1335
"terceiro";-0,3356;0,3356
"estrangeiro";0,875;-0,875
"atingir";-1,386;1,386
"custar";-0,3356;0,3356
"china";-7,0487;7,0487
"linha";0,269;-0,269
"rapidamente";-0,4224;0,4224
"reforma";-0,2725;0,2725
"crítico";-0,2832;0,2832
"área";-0,7394;0,7394
"crítica";0,619;-0,619
"constante";1,0024;-1,0024
"preferir";-0,425;0,425
"sentir";1,1323;-1,1323
"realidade";0,2849;-0,2849
"apoiador";-0,3633;0,3633
"otavio";2,1008;-2,1008
"fim";0,2848;-0,2848
"surgir";-0,2314;0,2314
"necessário";-0,3434;0,3434
"oxigênio";-3,813;3,813
"brasileiro";-0,596;0,596
"até";-0,6169;0,6169
"bater";-1,2174;1,2174
"ato";-0,3178;0,3178
"deixar";-0,5876;0,5876
"adotar";0,9454;-0,9454
"compromisso";0,3197;-0,3197
"segunda_feira";0,4114;-0,4114
"investigação";-0,508;0,508
"este";0,4308;-0,4308
"esta";1,3027;-1,3027
"reportagem";0,7445;-0,7445
"longo";0,3777;-0,3777
"longe";-0,63;0,63
"receber";0,4503;-0,4503
"dois";-0,5158;0,5158
"qual";-0,3138;0,3138
"professor";2,194;-2,194
"aliado";0,7533;-0,7533
"rico";2,0898;-2,0898
"policial";0,2603;-0,2603
"comprar";0,2603;-0,2603
"guerra";-3,1107;3,1107
"diferença";0,2409;-0,2409
"expressão";-0,3966;0,3966
"criança";1,6159;-1,6159
"preço";-0,8221;0,8221
"retomada";0,45;-0,45
"reação";0,4114;-0,4114
"tarefa";-0,4213;0,4213
"medida";2,2567;-2,2567
"risco";-0,3001;0,3001
"apoiar";0,2691;-0,2691
"formar";-0,3356;0,3356
"ideológico";0,8674;-0,8674
"discurso";-0,4233;0,4233
"deputado";-0,4674;0,4674
"destacar";0,7533;-0,7533
"gado";0,5437;-0,5437
"abandonar";1,3984;-1,3984
"complexo";-0,7716;0,7716
"beneficiar";-0,508;0,508
"oposição";-0,3844;0,3844
"muito";1,4112;-1,4112
"maneira";-0,3844;0,3844
"uma";0,4219;-0,4219
"afinal";-1,8851;1,8851
"muita";0,4913;-0,4913
"conhecido";-1,856;1,856
"influência";-0,607;0,607
"o";-2,6835;2,6835
"bannon";-1,1374;1,1374
"sob";0,5861;-0,5861
"sol";3,5554;-3,5554
"novo";1,1652;-1,1652
"vontade";0,3374;-0,3374
"seguir";0,2458;-0,2458
"peso";-1,2544;1,2544
"pensamento";0,45;-0,45
"liberal";1,9454;-1,9454
"moderno";-0,9199;0,9199
"petróleo";-0,8681;0,8681
"intervenção";-0,4396;0,4396
"time";2,2624;-2,2624
"pior";-0,4516;0,4516
"entrevista";-0,3708;0,3708
"tradicionalismo";-2,4235;2,4235
"ver";0,3324;-0,3324
"vez";0,6022;-0,6022
"comum";-0,2832;0,2832
"irmão";1,9392;-1,9392
"querer";-2,2182;2,2182
"mudança";-0,3507;0,3507
"fronteira";-0,3356;0,3356
"século";1,1281;-1,1281
"juro";2,0518;-2,0518
"aprovação";-0,5828;0,5828
"positivo";-0,7254;0,7254
"união";-1,4709;1,4709
"só";0,2742;-0,2742
"tirar";-0,3077;0,3077
"trazer";-0,3966;0,3966
"bastante";-0,425;0,425
"colocar";1,2374;-1,2374
"aproveitar";0,207;-0,207
"vacinar";1,8095;-1,8095
"justiça";-0,3178;0,3178
"controlar";-0,2467;0,2467
"si";0,8507;-0,8507
"se";-2,2041;2,2041
"recorde";0,3374;-0,3374
"temer";-1,883;1,883
"determinar";-0,3356;0,3356
"organizar";0,574;-0,574
"internet";-1,0413;1,0413
"porcento";-2,6612;2,6612
"calamidade";0,4904;-0,4904
"brasil";-0,4928;0,4928
"voto";0,6672;-0,6672
"bbc";2,1008;-2,1008
"2";-1,2354;1,2354
"probabilidade";1,0024;-1,0024
"massa";-0,4224;0,4224
"auxílio";-0,4183;0,4183
"disputa";0,574;-0,574
"seguidor";1,9491;-1,9491
"população";0,9349;-0,9349
"vender";-4,5104;4,5104
"alcançar";0,2603;-0,2603
"entregar";0,45;-0,45
"pessoa";2,0524;-2,0524
"putin";0,875;-0,875
"oportunidade";-0,2675;0,2675
"estatal";-0,8743;0,8743
"processo";1,4676;-1,4676
"categoria";1,0024;-1,0024
"floresta";-2,2628;2,2628
"solução";-0,346;0,346
"cujo";-1,386;1,386
"aspecto";0,4904;-0,4904
"cuja";0,269;-0,269
"folha";2,5411;-2,5411
"definir";-0,425;0,425
"hoje";-0,3243;0,3243
"ascensão";-2,0901;2,0901
"aí";-0,8438;0,8438
"diretor";-0,5924;0,5924
"coalizão";-1,1374;1,1374
"neoliberalismo";1,6159;-1,6159
"rússia";-2,6498;2,6498
"reeleição";0,3197;-0,3197
"mundo";-0,3513;0,3513
"pedir";-0,5763;0,5763
"pesquisa";0,4503;-0,4503
"terra";-0,5156;0,5156
"ferreira";-6,093;6,093
"aplicar";-0,63;0,63
"essencial";-0,7254;0,7254
"reconhecer";0,4904;-0,4904
"social";-0,301;0,301
"via";0,3197;-0,3197
"três";0,2625;-0,2625
"vir";0,7006;-0,7006
"reunião";0,207;-0,207
"corte";0,4246;-0,4246
"silva";-2,0294;2,0294
"obrigar";-0,3356;0,3356
"certamente";0,875;-0,875
"diferente";1,7178;-1,7178
"visão";0,2927;-0,2927
"ponto";1,6743;-1,6743
"biden";-2,2228;2,2228
"evento";-0,4282;0,4282
"não";-1,8501;1,8501
"plano";-0,6507;0,6507
"fundamental";-1,856;1,856
"centrão";-2,4082;2,4082
"francês";0,45;-0,45
"papel";1,604;-1,604
"buscar";0,6618;-0,6618
"bilhão";-1,7696;1,7696
"subir";-0,7142;0,7142
"fossar";-0,2718;0,2718
"expansão";0,875;-0,875
"carvalho";-1,3339;1,3339
"nossa";1,2996;-1,2996
"nosso";1,1639;-1,1639
"armamento";0,5437;-0,5437
"entender";-0,26;0,26
"aprovar";-0,5061;0,5061
"nome";1,5869;-1,5869
"contra";-1,5111;1,5111
"talvez";-0,4078;0,4078
"parlamentar";-1,0501;1,0501
"finalmente";-0,3356;0,3356
"indústria";1,0471;-1,0471
"tentar";-0,631;0,631
"sentar";-0,3356;0,3356
"defender";-0,4592;0,4592
"assumir";0,5239;-0,5239
"donald";-0,6267;0,6267
"seu";0,65;-0,65
"ser";-3,0478;3,0478
"sem";-0,9512;0,9512
"ninguém";0,453;-0,453
"pagar";-2,6674;2,6674
"europa";-4,8854;4,8854
"agente";-0,4213;0,4213
"imaginar";0,6618;-0,6618
"conjunto";0,7445;-0,7445
"judicial";0,642;-0,642
"impedir";0,4008;-0,4008
"capitólio";0,574;-0,574
"campanha";0,7606;-0,7606
"profundo";0,574;-0,574
"próprio";-0,5349;0,5349
"conservador";0,9454;-0,9454
"ajudar";0,4952;-0,4952
"tomar";-0,2635;0,2635
"importante";0,2586;-0,2586
"tragédia";-1,2544;1,2544
"demanda";-0,3356;0,3356
"aquele";-1,0536;1,0536
"aquela";0,684;-0,684
"comparar";0,45;-0,45
"presidente";-1,1931;1,1931
"ideologia";0,384;-0,384
"jornal";1,3646;-1,3646
"anterior";0,7681;-0,7681
"estabelecer";0,49;-0,49
"escolher";-1,2544;1,2544
"exercer";0,2603;-0,2603
"votar";0,3058;-0,3058
"região";-0,3178;0,3178
"um";-0,3447;0,3447
"corrupção";0,9454;-0,9454
"indicar";-0,5924;0,5924
"estilo";1,6159;-1,6159
"diverso";0,3631;-0,3631
"óbvio";0,2063;-0,2063
"imprensa";1,0331;-1,0331
"elemento";0,3374;-0,3374
"ataque";0,3859;-0,3859
"constituição";-0,4078;0,4078
"difícil";0,3315;-0,3315
"fachin";0,4114;-0,4114
"lei";-1,7613;1,7613
"ler";-0,2963;0,2963
"primeiro_ministro";-1,5805;1,5805
"caminhoneiro";-2,3144;2,3144
"agência";-0,3551;0,3551
"causar";-1,1305;1,1305
"período";0,7681;-0,7681
"capacidade";0,3834;-0,3834
"isso";0,4581;-0,4581
"classe";0,2063;-0,2063
"volta";1,2187;-1,2187
"econômico";1,4317;-1,4317
"2019";0,2852;-0,2852
"2018";-0,4436;0,4436
"2014";-1,2544;1,2544
"2017";0,8507;-0,8507
"2016";-0,9066;0,9066
"nada";-0,6234;0,6234
"veículo";2,5856;-2,5856
"através";0,4904;-0,4904
"pergunta";1,1873;-1,1873
"constitucional";1,2311;-1,2311
"contrário";1,3027;-1,3027
"além";-0,2714;0,2714
"tempo";-0,5613;0,5613
"potencial";-0,63;0,63
"legislativo";-0,2675;0,2675
"haver";-0,482;0,482
"elite";-2,6884;2,6884
"criminoso";-0,3356;0,3356
"roberto";-0,4213;0,4213
"associar";-1,5805;1,5805
"milícia";1,5451;-1,5451
"exército";0,2529;-0,2529
"latino";0,4904;-0,4904
"serviço";-0,26;0,26
"marcar";0,3197;-0,3197
"principal";0,3827;-0,3827
"terminar";-0,2314;0,2314
"tudo";1,1494;-1,1494
"impeachment";-0,508;0,508
"autor";1,2311;-1,2311
"identificar";1,1323;-1,1323
"posse";1,1274;-1,1274
"araújo";-5,4568;5,4568
"ambiental";-4,5128;4,5128
"câmbio";0,642;-0,642
"equipa";0,3631;-0,3631
"eduardo";-0,8681;0,8681
"guinar";0,875;-0,875
"paulo";-0,6281;0,6281
"amazônia";-5,3264;5,3264
"governar";-1,5717;1,5717
"momento";1,3319;-1,3319
"rcifrão";-0,624;0,624
"nacional";-1,4182;1,4182
"neoliberal";3,2322;-3,2322
"crise";0,5935;-0,5935
"análise";0,269;-0,269
"frança";-0,425;0,425
"banco";-0,2824;0,2824
"lidar";-0,5156;0,5156
"decreto";1,2565;-1,2565
"coisa";2,3249;-2,3249
"representação";0,5437;-0,5437
"chance";0,49;-0,49
"quarto";0,3374;-0,3374
"prometer";0,3374;-0,3374
"retirar";-1,3339;1,3339
"afirmar";1,4588;-1,4588
"comunidade";1,6159;-1,6159
"fogo";1,1323;-1,1323
"hora";-0,2824;0,2824
"3";-0,6507;0,6507
"interno";0,3374;-0,3374
"frase";-0,63;0,63
"negativo";-1,2174;1,2174
"continuar";1,4676;-1,4676
"custo";0,9454;-0,9454
"expressar";0,8507;-0,8507
"significar";0,5239;-0,5239
"indivíduo";0,2063;-0,2063
"bolsonaro";-8,1762;8,1762
"atuação";1,0024;-1,0024
"ordem";0,7681;-0,7681
"passado";-1,0996;1,0996
"proteção";-1,5717;1,5717
"ilegal";0,45;-0,45
"valor";0,2911;-0,2911
"ameaçar";-1,0501;1,0501
"pobre";-0,2832;0,2832
"promover";0,3197;-0,3197
"pazuello";-3,1133;3,1133
"diesel";-0,5924;0,5924
"forte";1,2187;-1,2187
"idoso";2,2624;-2,2624
"realizar";0,3374;-0,3374
"produzir";-0,3507;0,3507
"vacina";0,5009;-0,5009
"algum";1,5545;-1,5545
"lula";3,286;-3,286
"salvar";1,2644;-1,2644
"combustível";-0,4476;0,4476
"acusar";0,9463;-0,9463
"grave";-0,3356;0,3356
"responder";0,6587;-0,6587
"ativo";-0,4282;0,4282
"de";0,364;-0,364
"jovem";-0,3356;0,3356
"olhar";1,6711;-1,6711
"sentido";1,5366;-1,5366
"dividir";1,6159;-1,6159
"termo";-0,8576;0,8576
"com";-1,1076;1,1076
"candidato";1,1772;-1,1772
"inteligência";2,7018;-2,7018
"demais";0,402;-0,402
"saída";0,2529;-0,2529
"olavo";-1,5717;1,5717
"falso";0,2603;-0,2603
"metade";-0,8681;0,8681
"função";0,642;-0,642
"anvisa";0,4114;-0,4114
"1";-0,2538;0,2538
"empresário";0,5898;-0,5898
"depois";-2,3245;2,3245
"recurso";0,4503;-0,4503
"campo";0,8988;-0,8988
"agricultor";1,6159;-1,6159
"the";0,9601;-0,9601
"antes";-0,8698;0,8698
"coronavírus";-0,758;0,758
"queda";0,3324;-0,3324
"questão";0,2608;-0,2608
"reforçar";0,9601;-0,9601
"moeda";-2,6523;2,6523
"conversa";-0,8174;0,8174
"artigo";-0,3779;0,3779
"ceder";-0,2675;0,2675
"dívida";-0,4224;0,4224
"ganhar";-0,8144;0,8144
"inclusive";-0,5021;0,5021
"preciso";-1,1458;1,1458
"tese";0,207;-0,207
"derrotar";0,3374;-0,3374
"escala";-0,7716;0,7716
"abertura";-0,508;0,508
"global";0,4739;-0,4739
"funcionar";0,5262;-0,5262
"espécie";0,4904;-0,4904
"doença";0,207;-0,207
"aula";-1,8851;1,8851
"turno";2,1754;-2,1754
"ditadura";-0,8681;0,8681
"interpretar";0,207;-0,207
"revista";1,0024;-1,0024
"participar";0,45;-0,45
"cargo";-0,8576;0,8576
"mudar";0,7771;-0,7771
"participação";0,642;-0,642
"italiano";-2,0746;2,0746
"prova";0,4114;-0,4114
"ministério";-0,3844;0,3844
"instituição";0,4817;-0,4817
"pequeno";1,1274;-1,1274
"você";-0,5291;0,5291
"perder";0,3315;-0,3315
"recente";0,3101;-0,3101
"ligar";-0,63;0,63
"transição";0,875;-0,875
"forma";1,1299;-1,1299
"concessão";-0,63;0,63
"desde";-0,3138;0,3138
"citar";-0,2314;0,2314
"mulher";2,7473;-2,7473
"eu";2,7055;-2,7055
"precisar";-1,3096;1,3096
"munição";2,1008;-2,1008
"coletivo";0,7445;-0,7445
"investimento";0,8874;-0,8874
"objectivo";-1,5717;1,5717
"recentemente";0,2603;-0,2603
"internacional";-0,4596;0,4596
"ressaltar";-0,7716;0,7716
"contar";-1,3379;1,3379
"estar";1,1122;-1,1122
"cumprir";-1,1305;1,1305
"ambiente";-0,7744;0,7744
"episódio";-0,3356;0,3356
"conseguir";0,6422;-0,6422
"incerteza";0,3058;-0,3058
"consequência";-0,4282;0,4282
"vista";0,8674;-0,8674
"taxa";2,0466;-2,0466
"real";-1,4078;1,4078
"lado";-0,4596;0,4596
"virar";0,45;-0,45
"chefe";-0,425;0,425
"central";0,6587;-0,6587
"ocupar";-0,5156;0,5156
"guedes";-1,1711;1,1711
"protesto";1,5366;-1,5366
"transformar";-0,3708;0,3708
"autoritário";0,5465;-0,5465
"reagir";-1,0413;1,0413
"navalni";2,424;-2,424
"relevante";-0,508;0,508
"juiz";0,3464;-0,3464
"sobretudo";-0,2675;0,2675
"sucesso";-1,3339;1,3339
"cidadão";2,1754;-2,1754
"fiscal";-1,121;1,121
"entanto";0,7858;-0,7858
"inquérito";-2,0901;2,0901
"desigualdade";-0,2718;0,2718
"cientista";0,9454;-0,9454
"comercial";-3,4243;3,4243
"mundial";0,3631;-0,3631
"independência";-1,6455;1,6455
"tradicional";-1,1374;1,1374
"governador";-0,5021;0,5021
"argumentar";0,269;-0,269
"emergencial";-0,4635;0,4635
"retorno";0,684;-0,684
"a";0,5006;-0,5006
"convencer";-0,4213;0,4213
"romance";4,687;-4,687
"demorar";0,2603;-0,2603
"lira";-3,306;3,306
"polícia";1,485;-1,485
"admitir";-0,5156;0,5156
"todo";-0,8097;0,8097
"somente";0,3374;-0,3374
"7";1,1323;-1,1323
"base";-0,4357;0,4357
"novamente";0,4904;-0,4904
"suficiente";-0,7254;0,7254
"brasília";0,207;-0,207
"norma";-0,8174;0,8174
"país";1,2702;-1,2702
"stf";-0,5719;0,5719
"natureza";-0,7716;0,7716
"qualidade";0,453;-0,453
"fraude";1,0024;-1,0024
"desafio";0,7681;-0,7681
"minha";2,0518;-2,0518
"setor";0,5861;-0,5861
"certo";0,2852;-0,2852
"quem";-0,4236;0,4236
"sobreviver";0,207;-0,207
"tradicionalista";-4,6515;4,6515
"provavelmente";-0,607;0,607
"religioso";0,2063;-0,2063
"cultura";0,384;-0,384
"elétrico";-3,0516;3,0516
"relatório";0,45;-0,45
"piso";2,2624;-2,2624
"eleitoral";-0,4328;0,4328
"parecer";1,0299;-1,0299
"senador";-0,9937;0,9937
"pessoal";1,1873;-1,1873
"militar";-0,518;0,518
"regra";1,0383;-1,0383
"reduzir";0,4008;-0,4008
"inflação";0,7109;-0,7109
"saúde";-0,3793;0,3793
"conter";0,5437;-0,5437
"escolha";-0,3551;0,3551
"apresentar";0,8252;-0,8252
"ocorrer";2,7018;-2,7018
"marco";-0,3356;0,3356
"bolsa";0,6618;-0,6618
"américa";0,9454;-0,9454
"popular";-0,9937;0,9937
"trabalho";0,471;-0,471
"economia";-1,6739;1,6739
"permitir";-0,3966;0,3966
"autoridade";0,8482;-0,8482
"rua";0,269;-0,269
"ativista";0,875;-0,875
"sinal";-1,0788;1,0788
"preocupação";0,3324;-0,3324
"governo";-3,8488;3,8488
"implementar";0,4904;-0,4904
"lembrar";-0,6428;0,6428
"conservadorismo";0,207;-0,207
"pretender";-0,63;0,63
"governante";-1,4134;1,4134
"mentira";0,4613;-0,4613
"valer";-0,9199;0,9199
"claro";-1,5018;1,5018
"trocar";-0,4213;0,4213
"resistência";0,2063;-0,2063
"intervir";-1,2544;1,2544
"agenda";0,641;-0,641
"alguém";-0,3708;0,3708
"senhor";-0,4213;0,4213
"modo";-0,2538;0,2538
"globo";-1,2544;1,2544
"democracia";1,3756;-1,3756
"manaus";-2,1537;2,1537
"causa";0,3464;-0,3464
"jogar";-1,1374;1,1374
"único";1,9333;-1,9333
"acima";1,2644;-1,2644
"final";-0,2824;0,2824
"quando";0,3324;-0,3324
"bem";0,2663;-0,2663
"pressão";0,8553;-0,8553
"mobius";1,7776;-1,7776
"mês";-0,6239;0,6239
"crescente";-1,0413;1,0413
"diplomacia";-5,1257;5,1257
"explicar";-1,0788;1,0788
"cima";0,2063;-0,2063
"tornar";0,7934;-0,7934
"passo";0,45;-0,45
"atuar";0,2603;-0,2603
"lsn";-6,6008;6,6008
"atual";1,5533;-1,5533
"médio";0,3324;-0,3324
"escrever";0,6851;-0,6851
"humano";2,0326;-2,0326
"frente";0,4913;-0,4913
"aqui";0,4323;-0,4323
"limite";-0,6428;0,6428
"emoção";0,642;-0,642
"cena";0,9601;-0,9601
"pib";0,2063;-0,2063
"imunizantes";0,207;-0,207
"tão";-0,2649;0,2649
"chamar";-0,8438;0,8438
"possibilidade";-0,5019;0,5019
"mesmo";-0,9085;0,9085
"possível";1,1519;-1,1519
"parte";2,7409;-2,7409
"presidência";-0,3175;0,3175
"representante";0,642;-0,642
"estado";-0,413;0,413
"44";0,5437;-0,5437
"onda";0,2603;-0,2603
"dose";-1,2174;1,2174
"vida";-0,3111;0,3111
"fechar";-1,2544;1,2544
"fortalecer";-0,8174;0,8174
"fato";-0,9684;0,9684
"integrante";0,207;-0,207
"twitter";0,45;-0,45
"congresso";-0,4826;0,4826
"morrer";-0,504;0,504
"motivo";-0,4213;0,4213
"importação";0,3374;-0,3374
"usar";-1,5428;1,5428
"ação";-0,6239;0,6239
"washington";0,402;-0,402
"chegar";0,5547;-0,5547
"questionar";0,3374;-0,3374
"época";-0,9606;0,9606
"começo";1,534;-1,534
"sempre";0,4011;-0,4011
"apesar";0,823;-0,823
"índio";-0,2963;0,2963
"parecido";-1,2544;1,2544
"derrota";-0,5021;0,5021
"presente";0,7445;-0,7445
"exigir";-0,5924;0,5924
"segurança";-0,9428;0,9428
"prioridade";-1,3339;1,3339
"tipo";0,4613;-0,4613
"sobre";0,9761;-0,9761
"meu";0,8553;-0,8553
"100";1,534;-1,534
"acesso";0,402;-0,402
"cidade";0,684;-0,684
"resto";0,207;-0,207
"morar";0,269;-0,269
"arma";4,4251;-4,4251
"fenômeno";0,2063;-0,2063
"candidatura";0,8482;-0,8482
"nós";-0,3644;0,3644
"liberdade";0,7664;-0,7664
"gente";1,1772;-1,1772
"corporação";-0,63;0,63
"ernesto";-4,4269;4,4269
"mensagem";0,269;-0,269
"mianmar";-3,7119;3,7119
"entrar";0,3009;-0,3009
"construção";-0,7716;0,7716
"economista";-1,1629;1,1629
"formação";-2,6884;2,6884
"gerar";1,1332;-1,1332
"segundo";2,0702;-2,0702
"abrir";0,402;-0,402
"geral";0,5239;-0,5239
"perspectiva";-0,425;0,425
"máquina";0,3197;-0,3197
"liberalismo";0,9748;-0,9748
"trabalhador";1,0024;-1,0024
"simplesmente";-0,2675;0,2675
"leitura";-0,4224;0,4224
"anunciar";-0,508;0,508
"principalmente";1,5451;-1,5451
"14";-1,5805;1,5805
"artificial";4,5253;-4,5253
"sair";-1,245;1,245
"pesquisador";1,0471;-1,0471
"butantan";0,384;-0,384
"futuro";2,0808;-2,0808
"mínimo";0,4114;-0,4114
"falar";-0,9028;0,9028
"pôr";-0,7254;0,7254
"durante";0,3314;-0,3314
"judiciário";0,2603;-0,2603
"usado";-2,0014;2,0014
"funcionário";0,453;-0,453
"destruição";-0,4224;0,4224
"encontrar";-0,4357;0,4357
"ir";1,3885;-1,3885
"alimentar";-0,508;0,508
"livre";0,2409;-0,2409
"livro";0,7258;-0,7258
"aparecer";-0,2675;0,2675
"programa";1,8585;-1,8585
"personagem";1,2644;-1,2644
"conflito";0,574;-0,574
"declaração";-0,4213;0,4213
"assim";0,744;-0,744
"negar";0,7445;-0,7445
"teto";-0,508;0,508
"rejeitar";-0,7716;0,7716
"apontar";2,5172;-2,5172
"carta";-0,6757;0,6757
"aumento";0,8085;-0,8085
"tecnologia";1,6711;-1,6711
"erro";0,3197;-0,3197
"armado";-0,3551;0,3551
"rodada";0,8507;-0,8507
"baixo";0,7771;-0,7771
"avançar";-0,2832;0,2832
"condição";-1,0791;1,0791
"atividade";0,269;-0,269
"jamais";-0,9606;0,9606
"produto";1,7713;-1,7713
"digital";0,269;-0,269
"alerta";0,5437;-0,5437
"publicar";1,1274;-1,1274
"poderoso";0,2063;-0,2063
"russo";-0,2963;0,2963
"chinês";-8,1243;8,1243
"menor";0,5262;-0,5262
"menos";-1,1891;1,1891
"pobreza";0,2063;-0,2063
"torno";0,9601;-0,9601
"dia";-1,0493;1,0493
"lógica";0,3197;-0,3197
"alto";-1,1048;1,1048
"instituto";-0,6369;0,6369
"organização";0,7071;-0,7071
"bom";0,3777;-0,3777
"condenação";1,1323;-1,1323
"enorme";0,6618;-0,6618
"idade";0,4904;-0,4904
"institucional";0,8482;-0,8482
"mau";0,45;-0,45
"mal";-0,2675;0,2675
"sofrer";1,1506;-1,1506
"jair";-0,7964;0,7964
"velocidade";0,269;-0,269
"provável";-0,2675;0,2675
"mais";-0,8655;0,8655
"estrutura";0,453;-0,453
"maia";-1,0501;1,0501
"jornalista";3,0193;-3,0193
"janeiro";0,3464;-0,3464
"agir";0,6618;-0,6618
"definição";0,3374;-0,3374
"fazer";-0,8415;0,8415
"sugerir";0,2466;-0,2466
"fábrica";1,1323;-1,1323
"ministro";-3,2947;3,2947
"registrar";1,0024;-1,0024
"americano";1,5413;-1,5413
"tradição";0,2603;-0,2603
"11";0,2603;-0,2603
"10";-0,26;0,26
"12";-0,2963;0,2963
"15";-2,358;2,358
"número";0,6421;-0,6421
"princípio";0,207;-0,207
"aumentar";-1,1048;1,1048
"logístico";-1,8851;1,8851
"científico";0,2945;-0,2945
"realmente";0,4114;-0,4114
"planalto";-0,4224;0,4224
"já";0,426;-0,426
"razão";0,8553;-0,8553
"alemanha";-3,5454;3,5454
"proposta";-0,3907;0,3907
"achar";3,6084;-3,6084
"quadro";-0,8681;0,8681
"refletir";-0,607;0,607
"democrático";0,2994;-0,2994
"crescimento";2,0518;-2,0518
"família";1,0382;-1,0382
"acionista";-1,3339;1,3339
"quatro";3,0193;-3,0193
"proteger";-0,504;0,504
"preocupar";1,1323;-1,1323
"argumento";0,453;-0,453
"lava";0,875;-0,875
"concepção";-0,4213;0,4213
"então";0,2721;-0,2721
"necessariamente";0,45;-0,45
"4";0,6618;-0,6618
"desinformação";-0,346;0,346
"viver";0,8988;-0,8988
"estimular";1,4239;-1,4239
"gestor";0,5437;-0,5437
"imagem";1,3045;-1,3045
"fabricar";0,269;-0,269
"criticar";-1,0791;1,0791
"empresa";-2,4262;2,4262
"polarização";0,527;-0,527
"ultrapassar";0,45;-0,45
"posição";0,7071;-0,7071
"responsabilidade";-0,5043;0,5043
"agora";-0,6807;0,6807
"advogado";0,45;-0,45
"interesse";-0,5019;0,5019
"general";-6,7817;6,7817
"lhes";-1,7283;1,7283
"universidade";0,7533;-0,7533
"nível";1,7007;-1,7007
"partido";1,0061;-1,0061
"claramente";0,269;-0,269
"dilma";-1,6502;1,6502
"clássico";0,8507;-0,8507
"decisão";0,2721;-0,2721
"19";0,2603;-0,2603
"conta";0,49;-0,49
"ampliar";0,8507;-0,8507
"dificuldade";-0,346;0,346
"prever";0,2409;-0,2409
"incluir";-0,2538;0,2538
"morto";0,45;-0,45
"morte";0,3421;-0,3421
"sistema";-0,8144;0,8144
"discussão";-0,2675;0,2675
"25";0,453;-0,453
"20";0,5898;-0,5898
"21";1,3984;-1,3984
"afastar";0,207;-0,207
"trajetória";0,2603;-0,2603
"respeito";1,0024;-1,0024
"verdade";-0,6325;0,6325
"comando";-0,5021;0,5021
"cada";1,6468;-1,6468
"jogo";-0,2314;0,2314
"dono";-0,3356;0,3356
"completamente";-0,3356;0,3356
"importância";-0,508;0,508
"para";-0,3177;0,3177
"atacar";0,4904;-0,4904
"2020";1,0053;-1,0053
"2021";0,9463;-0,9463
"2022";0,6421;-0,6421
"essa";-0,3428;0,3428
"esse";0,9849;-0,9849
"permanecer";-0,4224;0,4224
"orçamento";-1,2174;1,2174
"gabinete";-0,2675;0,2675
"ruim";1,0724;-1,0724
"depender";-0,5719;0,5719
"8";0,875;-0,875
"meio";-0,7254;0,7254
"capital";-0,7716;0,7716
"tender";0,2945;-0,2945
"eleição";1,223;-1,223
"filho";1,2565;-1,2565
"repetir";-0,7828;0,7828
"inimigo";-0,26;0,26
"busca";0,3058;-0,3058
"koch";3,2322;-3,2322
"entre";-0,4914;0,4914
"alternativo";0,3197;-0,3197
"administrativo";0,2603;-0,2603
"comportamento";0,207;-0,207
"líder";-0,2995;0,2995
"vincular";0,269;-0,269
"financiamento";0,875;-0,875
"servir";0,642;-0,642
"mostrar";0,3399;-0,3399
"apoio";0,7848;-0,7848
"energia";-3,1258;3,1258
"suposto";-0,3551;0,3551
"ajuste";0,5437;-0,5437
"pec";-1,386;1,386
"impor";-1,5495;1,5495
"acompanhar";-0,2832;0,2832
"financeiro";2,9044;-2,9044
"poder";0,9131;-0,9131
"dinheiro";-0,5828;0,5828
"significativo";0,5437;-0,5437
"vário";-0,3844;0,3844
"representar";-0,3355;0,3355
"relação";-0,3347;0,3347
"básico";-0,2832;0,2832
"mecanismo";0,875;-0,875
"geração";1,1335;-1,1335
"palácio";0,269;-0,269
"votação";-0,2675;0,2675
"ciclo";0,6033;-0,6033
"escola";0,4246;-0,4246
"presidencial";1,0383;-1,0383
"década";0,4323;-0,4323
"extremo";0,2849;-0,2849
"30";-0,9066;0,9066
"clima";-0,9937;0,9937
"preservar";-0,4213;0,4213
"força";0,8549;-0,8549
"chamado";0,7681;-0,7681
"perceber";0,4613;-0,4613
"caminho";-0,7575;0,7575
"ideia";-0,4635;0,4635
"falta";-1,0737;1,0737
"redução";0,354;-0,354
"unido";-0,7921;0,7921
"confiança";0,4246;-0,4246
"eua";-0,5407;0,5407
"vencer";-0,2963;0,2963
"dar";0,3822;-0,3822
"mandato";-0,5019;0,5019
"lá";-1,2456;1,2456
"que";-1,2652;1,2652
"atenção";0,2529;-0,2529
"próximo";2,7055;-2,7055
"discutir";0,4904;-0,4904
"negro";2,0898;-2,0898
"eleger";-0,504;0,504
"petrobras";-2,555;2,555
"incentivo";-1,3339;1,3339
"mil";1,2187;-1,2187
"milhão";-0,4476;0,4476
"isto";0,6315;-0,6315
"autoritarismo";0,9601;-0,9601
"experiência";0,875;-0,875
"tributário";0,384;-0,384
"conspiração";-1,7139;1,7139
"petista";1,0024;-1,0024
"controlo";-0,9135;0,9135
"esforço";0,3464;-0,3464
"fator";0,269;-0,269
"climático";-0,2675;0,2675
"ao";1,4653;-1,4653
"república";0,2784;-0,2784
"externo";-2,2807;2,2807
"homem";0,7533;-0,7533
"rodrigo";-2,2807;2,2807
"sete";-1,8851;1,8851
"resultado";1,3126;-1,3126
"executivo";0,8674;-0,8674
"resolver";-0,2314;0,2314
"farmacêutico";1,6159;-1,6159
"simples";-0,8681;0,8681
"também";0,4239;-0,4239
"desenvolvimento";-0,6507;0,6507
"quanto";0,823;-0,823
"aberto";0,2945;-0,2945
"insumo";-0,508;0,508
"duro";-0,346;0,346
"povo";-1,725;1,725
"popularidade";-0,504;0,504
"costumar";2,2624;-2,2624
"membro";-0,2467;0,2467
"tratar";-0,6291;0,6291
"decidir";0,384;-0,384
"acordo";-1,5902;1,5902
"enfrentar";-0,5061;0,5061
"preparar";-0,508;0,508
"março";-0,346;0,346
"dólar";-1,0788;1,0788
"supremo";-1,7104;1,7104
"parlamento";-2,698;2,698
"outro";1,0242;-1,0242
"saber";-0,272;0,272
"pouco";0,3474;-0,3474
"me";1,3849;-1,3849
"política";-0,6565;0,6565
"político";1,8816;-1,8816
"ambos";0,2063;-0,2063
"origem";0,45;-0,45
"vitória";0,8482;-0,8482
"histórico";0,8482;-0,8482
"tendência";0,642;-0,642
"nunca";0,3132;-0,3132
"acontecer";1,872;-1,872
"combate";-0,6757;0,6757
"movimento";0,3502;-0,3502
"capaz";-0,327;0,327
"concorrer";1,0024;-1,0024
"lançar";-0,2314;0,2314
"após";-0,6885;0,6885
"crescer";1,1335;-1,1335
"uscifrão";0,4904;-0,4904
"ignorar";0,45;-0,45
"companhia";-1,5805;1,5805
"caber";-0,5156;0,5156
"escritor";3,3938;-3,3938
"manifestação";-0,2314;0,2314
"acreditar";-0,2936;0,2936
"alguma";0,7258;-0,7258
"renda";1,1873;-1,1873
"news";1,2565;-1,2565
"justificar";0,642;-0,642
"resposta";0,2409;-0,2409
"esperança";1,2644;-1,2644
"republicano";2,1272;-2,1272
"ishiguro";1,9392;-1,9392
"tesouro";-0,7254;0,7254
"privatização";-0,7716;0,7716
"exterior";-1,1305;1,1305
"eleitor";-0,3077;0,3077
"antigo";0,384;-0,384
"afetar";0,642;-0,642
"dado";0,45;-0,45
"cultural";-0,2467;0,2467
"especialmente";0,8553;-0,8553
"lutar";-0,3356;0,3356
"necessidade";0,3464;-0,3464
"gestão";-0,4596;0,4596
"ela";0,3261;-0,3261
"ele";-0,5024;0,5024
"aprender";1,8095;-1,8095
"espaço";-0,2726;0,2726
"despesa";0,4246;-0,4246
"baleia";1,1323;-1,1323
"gostar";-1,2174;1,2174
"50";-0,2675;0,2675
"rio";-1,0501;1,0501
"mão";-0,8174;0,8174
"município";0,207;-0,207
"algo";-0,9835;0,9835
"esperar";-0,7575;0,7575
"ajuda";-0,5021;0,5021
"6";1,3984;-1,3984
"populismo";-0,5171;0,5171
"devido";-0,2963;0,2963
"plataforma";-0,3356;0,3356
"vivo";0,3374;-0,3374
"penal";-2,6884;2,6884
"regime";0,3859;-0,3859
"junto";-0,2675;0,2675
"direção";1,8095;-1,8095
"pauta";-0,2963;0,2963
"quase";-0,2892;0,2892
"dez";2,0898;-2,0898
"cenário";1,8698;-1,8698
"melhor";-0,5154;0,5154
"semana";-2,0209;2,0209
"pensar";0,8674;-0,8674
"garantia";-0,7254;0,7254
"audiência";0,269;-0,269
"garantir";-0,6428;0,6428
"seguinte";0,875;-0,875
"tribunal";0,354;-0,354
"produção";0,9601;-0,9601
"figura";1,9191;-1,9191
"trump";0,9881;-0,9881
"elevação";0,642;-0,642
"construir";0,2603;-0,2603
"impacto";1,4328;-1,4328
"determinado";0,7445;-0,7445
"estudo";1,1323;-1,1323
"voltar";0,5014;-0,5014
"civil";-0,5028;0,5028
"passar";-0,4;0,4
"maior";-1,3832;1,3832
"adversário";-2,358;2,358
"covid_19";0,641;-0,641
"emprego";0,49;-0,49
"pandemia";-1,8103;1,8103
"ameaça";0,2691;-0,2691
"avaliar";0,7533;-0,7533
"contribuir";0,269;-0,269
"aceitar";-2,0294;2,0294
"ano";1,572;-1,572
"politicamente";-0,7716;0,7716
"frio";-0,8174;0,8174
"liderar";-0,5828;0,5828
"mercado";1,1941;-1,1941
"qualquer";-0,3243;0,3243
"ouvir";0,3374;-0,3374
"crime";0,2311;-0,2311
"administração";-0,6959;0,6959
"liderança";-1,1629;1,1629
"declínio";-0,346;0,346
"educação";1,053;-1,053
"ódio";-0,346;0,346
"médico";0,207;-0,207
"índice";-0,4213;0,4213
"federal";0,6929;-0,6929
"descobrir";-0,3356;0,3356
"câmara";-0,8075;0,8075
"como";1,0144;-1,0144
"joe";0,5262;-0,5262
"por";0,601;-0,601
"acabar";0,6949;-0,6949
"verdadeiro";0,3197;-0,3197
"casa";0,5613;-0,5613
"caso";-0,4869;0,4869
"prisão";-0,4213;0,4213
"errado";-0,2675;0,2675
"fácil";-0,7828;0,7828
"golpe";-0,5719;0,5719
"consumidor";-1,3339;1,3339
"luta";-0,8681;0,8681
"recuperação";0,384;-0,384
"prejuízo";-1,2544;1,2544
"ciência";0,684;-0,684
"tanto";0,3573;-0,3573
"teoria";-0,2314;0,2314
"legal";0,6618;-0,6618
"eletrobras";-5,3264;5,3264
"populista";-1,7613;1,7613
"último";0,2603;-0,2603
"ex_presidente";0,3421;-0,3421
"opinião";-0,4224;0,4224
"defesa";-0,5019;0,5019
"5";-1,4666;1,4666
"isolamento";0,3197;-0,3197
"grupo";-0,2654;0,2654
"velho";-0,2832;0,2832
"maioria";-0,7651;0,7651
"sociedade";-1,3852;1,3852
"existir";0,5613;-0,5613
"ter";-0,5535;0,5535
"sua";0,394;-0,394
"sul";0,875;-0,875
"contexto";0,574;-0,574
"jato";1,0024;-1,0024
"avaliação";1,3984;-1,3984
"evitar";-1,1574;1,1574
"influenciar";-0,4224;0,4224
"texto";0,6618;-0,6618
"provocar";-0,8174;0,8174
"começar";1,1519;-1,1519
"avanço";-0,3178;0,3178
"levar";-0,49;0,49
"negócio";0,8482;-0,8482
"concordar";0,875;-0,875
"lhe";-5,7074;5,7074
"dentro";-0,2963;0,2963
"grande";1,7624;-1,7624
"parceiro";-5,0773;5,0773
"argentino";0,3374;-0,3374
"ficar";0,3754;-0,3754
"cercar";1,1873;-1,1873
"envolver";0,3058;-0,3058
"intenção";1,2644;-1,2644
"senado";-0,7998;0,7998
"obra";-1,3067;1,3067
"sanitário";1,7929;-1,7929
"projeto";-3,3592;3,3592
"responsável";-0,7394;0,7394
"direito";0,4321;-0,4321
"privado";-0,2963;0,2963
"situação";0,8457;-0,8457
"curso";-1,9236;1,9236
"atualmente";1,2644;-1,2644
"superar";1,534;-1,534
"história";0,8549;-0,8549
"porque";-1,2188;1,2188
"vítima";0,3374;-0,3374
"início";0,7305;-0,7305
"curto";0,6618;-0,6618
"pleito";1,0024;-1,0024
"demonstrar";-0,607;0,607
"considerar";1,1639;-1,1639
"operar";-0,3356;0,3356
"pt";1,4076;-1,4076
"criar";-0,6885;0,6885
"benefício";0,7445;-0,7445
"cinco";0,5262;-0,5262
"trumpismo";2,1008;-2,1008
"9";2,5856;-2,5856
"atrás";1,2644;-1,2644
"pé";-0,4213;0,4213
"literatura";0,9601;-0,9601
"amplo";0,8482;-0,8482
"apenas";-1,7168;1,7168
"propor";-0,4213;0,4213
"teitelbaum";0,2603;-0,2603
"leitor";1,1323;-1,1323
"investidor";0,2409;-0,2409
"estratégia";0,8051;-0,8051
"jornalismo";1,3045;-1,3045
"piorar";0,2063;-0,2063
"direto";-0,3551;0,3551
"arthur";-1,1305;1,1305
"medo";1,0724;-1,0724
"gás";-1,7139;1,7139
"exemplo";1,3319;-1,3319
"exatamente";-2,2628;2,2628
"impossível";-1,5805;1,5805
"imposto";1,5366;-1,5366
"tentativa";-0,2718;0,2718
"restrição";0,3374;-0,3374
"conselho";-2,0014;2,0014
"independente";-0,607;0,607
"problema";0,8227;-0,8227
"narrativa";-0,5924;0,5924
"nenhum";-0,7142;0,7142
"palavra";-0,7828;0,7828
"expectativa";-0,4213;0,4213
"postura";0,4114;-0,4114
"informação";-0,7828;0,7828
"nação";-0,7394;0,7394
"recuperar";0,384;-0,384
"público";1,2267;-1,2267
"iniciativa";0,9601;-0,9601
"mito";0,269;-0,269
"invasão";1,1323;-1,1323
"rede";-0,566;0,566
"uso";0,5025;-0,5025
"partidário";0,3374;-0,3374
"violência";-0,625;0,625
"especialista";-0,2963;0,2963
"tal";0,6315;-0,6315
"importar";0,49;-0,49
"sim";0,7858;-0,7858
"vírus";-0,3178;0,3178
"ainda";-0,5034;0,5034
"superior";0,4904;-0,4904
"listar";0,574;-0,574
"dever";-1,0022;1,0022
"prático";1,1335;-1,1335
"primeiro";1,9543;-1,9543
"embora";0,3777;-0,3777
"cair";-0,4436;0,4436
"efeito";-0,3111;0,3111
"vacinação";-2,4134;2,4134
"europeu";-1,9441;1,9441
"governança";-0,3356;0,3356
"norte";0,5437;-0,5437
"lugar";0,4179;-0,4179
"centro";0,9454;-0,9454
"democrata";2,4152;-2,4152
"debate";0,3859;-0,3859
"manipular";-0,63;0,63
"local";0,6033;-0,6033
"partir";0,6315;-0,6315
"favor";-0,3356;0,3356
"itália";-1,6298;1,6298
"agravar";0,2063;-0,2063
"trabalhar";0,7445;-0,7445
"combater";0,4904;-0,4904
"amigo";4,0404;-4,0404
"klara";4,202;-4,202
"comunicação";0,2063;-0,2063
"gasto";-0,2726;0,2726
"diante";-1,6454;1,6454
"quarta_feira";1,3984;-1,3984
"notícia";0,8674;-0,8674
"manter";1,1639;-1,1639
"resultar";0,8482;-0,8482
"diretamente";0,4904;-0,4904
"preso";0,207;-0,207
"esquerdo";0,8085;-0,8085
"socialista";2,2624;-2,2624
"dizer";0,7948;-0,7948
"oferecer";-0,4224;0,4224
"investir";1,5451;-1,5451
"universo";0,642;-0,642
"em";1,7212;-1,7212
"série";-0,26;0,26
"mídia";2,7895;-2,7895
"fundo";-0,758;0,758
"tema";0,5857;-0,5857
"branco";-0,4556;0,4556
"presença";0,269;-0,269
"assunto";-1,5805;1,5805
"perigo";0,5437;-0,5437
